{"level":"info","message":{"correlationId":"6d87e985-d5f5-487e-9655-5757dfb2038c","ip":"::1","method":"POST","url":"/users"},"timestamp":"2025-10-23T11:40:20.364Z"}
{"level":"info","message":{"correlationId":"8ed85e07-9f79-4621-a661-7fef32a47cab","ip":"::1","method":"POST","url":"/users"},"timestamp":"2025-10-23T11:40:37.003Z"}
{"level":"info","message":{"correlationId":"d5e71049-c6d3-42ea-93dc-3772390ed21d","ip":"::1","method":"POST","url":"/users"},"timestamp":"2025-10-23T11:40:41.150Z"}
{"level":"info","message":{"correlationId":"44aaac47-915b-4685-aa62-7aed17f411f0","ip":"::1","method":"POST","url":"/users"},"timestamp":"2025-10-23T11:40:49.251Z"}
{"level":"info","message":{"correlationId":"9c0f2dd4-3a3d-4cc9-bf5f-b8758c3d326c","ip":"::1","method":"GET","url":"/users"},"timestamp":"2025-10-23T11:41:18.623Z"}
{"level":"info","message":{"correlationId":"a0e3be5c-1b49-4614-94a2-7959eb0823cd","ip":"::1","method":"GET","url":"/users?skip=1&limit=2"},"timestamp":"2025-10-23T11:41:45.759Z"}
{"level":"info","message":{"correlationId":"d3e00ab2-9274-4cc8-9152-27daa065a44b","ip":"::1","method":"GET","url":"/users"},"timestamp":"2025-10-23T11:41:56.669Z"}
{"level":"info","message":{"correlationId":"32fe150f-3344-4304-9044-55214a0bada2","ip":"::1","method":"GET","url":"/users?skip=1&limit=2"},"timestamp":"2025-10-23T11:42:19.595Z"}
{"level":"info","message":{"correlationId":"8895a54d-3f88-406c-af0a-91ea87520f04","ip":"::1","method":"GET","url":"/users?search=jane"},"timestamp":"2025-10-23T11:42:36.443Z"}
{"level":"info","message":{"correlationId":"8e07e8f2-1ec7-4a07-a2e2-55998c5dc6a4","ip":"::1","method":"GET","url":"/users?department=Engineering"},"timestamp":"2025-10-23T11:43:02.036Z"}
{"level":"info","message":{"correlationId":"a4036e11-ac94-4d1f-a04b-215fc61279b4","ip":"::1","method":"GET","url":"/users?gender=Female"},"timestamp":"2025-10-23T11:43:17.605Z"}
{"level":"info","message":{"correlationId":"f70c381b-2c65-46f6-9ec1-94e738a87ebc","ip":"::1","method":"GET","url":"/users?sortBy=firstName&sortOrder=asc"},"timestamp":"2025-10-23T11:43:33.656Z"}
{"level":"info","message":{"correlationId":"984d053f-42da-46fa-a09b-438ab4b93af5","ip":"::1","method":"GET","url":"/users?sortBy=id&sortOrder=asc"},"timestamp":"2025-10-23T11:43:41.774Z"}
{"level":"info","message":{"correlationId":"72ff285b-39f6-4e49-acce-1e195b51b7c2","ip":"::1","method":"PUT","url":"/users/1"},"timestamp":"2025-10-23T11:44:25.828Z"}
{"level":"info","message":{"correlationId":"cbf15faa-7312-4821-8bf3-2f24b6db29f5","ip":"::1","method":"DELETE","url":"/users/1"},"timestamp":"2025-10-23T11:44:42.970Z"}
{"level":"info","message":{"correlationId":"5a1802ea-e84f-42bc-bf18-31ea91895e65","ip":"::1","method":"POST","url":"/users/1/restore"},"timestamp":"2025-10-23T11:45:22.337Z"}
{"level":"info","message":{"correlationId":"317954c0-51ab-4c2b-a05c-c5bc15ebb05e","ip":"::1","method":"POST","url":"/users/1/restore"},"timestamp":"2025-10-23T11:46:00.588Z"}
{"level":"info","message":{"correlationId":"1b3e2b05-841e-499d-a1ee-53c6f7b65b2a","ip":"::1","method":"POST","url":"/users/1/restore"},"timestamp":"2025-10-23T11:46:03.494Z"}
{"level":"info","message":{"correlationId":"1747f388-64ef-4a64-84aa-195d4b78a43a","ip":"::1","method":"POST","url":"/users/1/restore"},"timestamp":"2025-10-23T11:46:04.778Z"}
{"level":"info","message":{"correlationId":"12f93751-436f-4fc5-b9a8-633ce47e3821","ip":"::1","method":"POST","url":"/users/bulk-delete"},"timestamp":"2025-10-23T11:46:46.476Z"}
{"level":"info","message":{"correlationId":"41bb0e11-d20f-4ea7-9834-e96f7677349c","ip":"::1","method":"POST","url":"/users/bulk-delete"},"timestamp":"2025-10-23T11:46:55.358Z"}
{"level":"info","message":{"correlationId":"e6cc349d-5836-4d59-a226-5861ab5cde8a","ip":"::1","method":"GET","url":"/users/export"},"timestamp":"2025-10-23T11:47:28.942Z"}
{"level":"info","message":{"correlationId":"3ef97403-f700-4d81-90d4-6d12cb7e5a5b","ip":"::1","method":"POST","url":"/auth/register"},"timestamp":"2025-10-23T12:01:47.837Z"}
{"level":"info","message":{"correlationId":"49617b19-cf91-4f28-bbd4-99e6d3596220","ip":"::1","method":"POST","url":"/auth/register"},"timestamp":"2025-10-23T12:01:55.616Z"}
{"level":"info","message":{"correlationId":"309ad36c-eaf5-4bbc-8ab6-f7e2435006b3","ip":"::1","method":"POST","url":"/auth/login"},"timestamp":"2025-10-23T12:02:31.792Z"}
{"level":"info","message":{"correlationId":"ac460175-f1cd-4ccb-baee-401f33deed19","ip":"::1","method":"POST","url":"/users"},"timestamp":"2025-10-23T12:06:01.242Z"}
{"level":"info","message":{"correlationId":"8015a2d6-81a1-415c-94d5-b5d350d355f0","ip":"::1","method":"POST","url":"/auth/login"},"timestamp":"2025-10-23T12:06:07.007Z"}
{"level":"info","message":{"correlationId":"3175c617-9050-48c4-95ec-b2e35ca02d70","ip":"::1","method":"POST","url":"/users"},"timestamp":"2025-10-23T12:06:20.382Z"}
{"level":"info","message":{"correlationId":"918dbc10-44f3-4bda-9409-84423c6cbff6","ip":"::1","method":"POST","url":"/users"},"timestamp":"2025-10-23T12:06:34.511Z"}
{"level":"info","message":{"correlationId":"1906ca25-7c2e-4c08-9358-e537113e91b5","ip":"::1","method":"POST","url":"/users"},"timestamp":"2025-10-23T12:06:48.353Z"}
{"level":"info","message":{"correlationId":"d249d139-a04d-431c-aa58-70493ea24791","ip":"::1","method":"POST","url":"/users"},"timestamp":"2025-10-23T12:06:59.613Z"}
{"level":"info","message":{"correlationId":"42c1027d-0326-41db-b977-117813572cbe","ip":"::1","method":"POST","url":"/users"},"timestamp":"2025-10-23T12:07:02.758Z"}
{"level":"info","message":{"correlationId":"af43c7bd-0467-40e9-9271-08d8783e5666","ip":"::1","method":"POST","url":"/users"},"timestamp":"2025-10-23T12:07:12.998Z"}
{"level":"info","message":{"correlationId":"f4f53353-a90e-4eac-b837-673cc7dc1699","ip":"::1","method":"GET","url":"/users"},"timestamp":"2025-10-25T18:00:28.683Z"}
{"level":"info","message":{"correlationId":"3e7db249-c16a-4417-8202-0c44b7e24dee","ip":"::1","method":"GET","url":"/users"},"timestamp":"2025-10-25T18:01:13.714Z"}
{"level":"info","message":{"correlationId":"6a4f1a3e-f025-41c8-a1da-c68165b6fc82","ip":"::1","method":"GET","url":"/health"},"timestamp":"2025-10-25T18:02:03.399Z"}
{"level":"info","message":{"correlationId":"439ffef1-ace4-45cc-901b-41627d323835","ip":"::1","method":"OPTIONS","url":"/api/users?skip=0&limit=30&sort_by=firstName&sort_order=asc"},"timestamp":"2025-10-25T18:05:07.293Z"}
{"level":"info","message":{"correlationId":"32f7d03a-887b-40e6-b6a3-0dc7f70ef35d","ip":"::1","method":"OPTIONS","url":"/api/users/departments?cb=1761415507290"},"timestamp":"2025-10-25T18:05:07.303Z"}
{"level":"info","message":{"correlationId":"47b62520-6dd4-469c-9e2d-4846882e7791","ip":"::1","method":"OPTIONS","url":"/api/users?skip=0&limit=30&sort_by=firstName&sort_order=asc"},"timestamp":"2025-10-25T18:05:07.305Z"}
{"level":"info","message":{"correlationId":"7aa85ea8-f83e-4c69-892c-b1b9f5bc8113","ip":"::1","method":"OPTIONS","url":"/api/users/departments?cb=1761415507292"},"timestamp":"2025-10-25T18:05:07.308Z"}
{"level":"info","message":{"correlationId":"72bed26d-e3cb-4ee3-9f47-36b110dd1f3a","ip":"::ffff:127.0.0.1","method":"POST","url":"/auth/login"},"timestamp":"2025-10-25T18:05:25.561Z"}
{"level":"info","message":{"correlationId":"e138e03e-503c-4516-8e9f-7ebf27655aa7","ip":"::ffff:127.0.0.1","method":"POST","url":"/auth/login"},"timestamp":"2025-10-25T18:05:45.534Z"}
{"level":"info","message":{"correlationId":"4090a5ba-c50e-4ece-868c-e889ce18c051","ip":"::1","method":"POST","url":"/auth/login"},"timestamp":"2025-10-25T18:07:04.689Z"}
{"level":"info","message":{"correlationId":"cdb41bca-7eee-4800-bf0a-84b4a0b968a3","ip":"::1","method":"POST","url":"/auth/login"},"timestamp":"2025-10-25T18:08:20.495Z"}
{"level":"info","message":{"correlationId":"eca539d9-a601-4dc5-80ee-bd5bf6c04aa6","ip":"::1","method":"GET","url":"/users"},"timestamp":"2025-10-25T18:08:34.900Z"}
{"level":"info","message":{"correlationId":"1b5b7adc-c23d-43a9-bf17-f0e8b2965c7d","ip":"::1","method":"GET","url":"/health"},"timestamp":"2025-10-25T18:11:40.011Z"}
{"level":"info","message":{"correlationId":"8eea7076-aeca-4611-934b-3365dbf7ffd2","ip":"::1","method":"GET","url":"/metrics"},"timestamp":"2025-10-25T18:11:44.786Z"}
{"level":"info","message":{"correlationId":"4f4424bc-8d6c-4138-b102-b78325d6c634","ip":"::1","method":"POST","url":"/auth/login"},"timestamp":"2025-10-25T18:12:15.344Z"}
{"level":"info","message":{"correlationId":"6dfe1138-b8b4-4bed-8299-38fdc4653fed","ip":"::1","method":"POST","url":"/auth/login"},"timestamp":"2025-10-25T18:12:27.881Z"}
{"level":"info","message":{"correlationId":"b93252ce-09af-448f-97af-2fc43160a8b8","ip":"::1","method":"POST","url":"/auth/register"},"timestamp":"2025-10-25T18:13:11.099Z"}
{"level":"info","message":{"correlationId":"09e2763a-ae29-44fc-9c22-7f967661dcbe","ip":"::1","method":"POST","url":"/auth/login"},"timestamp":"2025-10-25T18:13:15.577Z"}
{"level":"info","message":{"correlationId":"27d24d7a-0664-4a72-aea8-656a7c4e2ea7","ip":"::1","method":"POST","url":"/auth/login"},"timestamp":"2025-10-25T18:13:18.502Z"}
{"level":"info","message":{"correlationId":"acfaada8-f430-4da8-8073-a834bafdb574","ip":"::1","method":"POST","url":"/auth/login"},"timestamp":"2025-10-25T18:14:01.993Z"}
{"level":"info","message":{"correlationId":"6c9ffd40-953a-4c46-ba88-0549bd0838fe","ip":"::1","method":"POST","url":"/auth/login"},"timestamp":"2025-10-25T18:14:05.932Z"}
{"level":"info","message":{"correlationId":"90ee14b2-f6b9-44c7-8e86-bbcac4cf6c1f","ip":"::1","method":"POST","url":"/auth/login"},"timestamp":"2025-10-25T18:17:17.067Z"}
{"level":"info","message":{"correlationId":"f00a7f80-1b58-4a87-8322-167856881940","ip":"::1","method":"GET","url":"/api/users?skip=0&limit=30&sort_by=firstName&sort_order=asc"},"timestamp":"2025-10-25T18:17:17.519Z"}
{"level":"info","message":{"correlationId":"7aea306b-ec5c-44a1-aa07-60f159e5d449","ip":"::1","method":"GET","url":"/api/users/departments?cb=1761416237510"},"timestamp":"2025-10-25T18:17:17.523Z"}
{"level":"info","message":{"correlationId":"4084450c-9596-4b8b-9fe2-0b7ffd0041bd","ip":"::1","method":"GET","url":"/api/users?skip=0&limit=30&sort_by=firstName&sort_order=asc"},"timestamp":"2025-10-25T18:17:17.526Z"}
{"level":"info","message":{"correlationId":"c0152db4-b4e3-4ddb-a58c-833c56bf0abd","ip":"::1","method":"GET","url":"/api/users/departments?cb=1761416237512"},"timestamp":"2025-10-25T18:17:17.530Z"}
{"level":"info","message":{"correlationId":"0e77f926-a110-446a-a5e0-7b48940c97ca","ip":"::1","method":"GET","url":"/api/users/departments?cb=1761416251291"},"timestamp":"2025-10-25T18:17:31.304Z"}
{"level":"info","message":{"correlationId":"ec804d3c-ed06-4c98-8ac5-6f161f57c6b6","ip":"::1","method":"GET","url":"/api/users?skip=0&limit=30&sort_by=firstName&sort_order=asc"},"timestamp":"2025-10-25T18:17:31.307Z"}
{"level":"info","message":{"correlationId":"9646d64e-4363-4e62-909a-2e973fcb9057","ip":"::1","method":"GET","url":"/api/users/departments?cb=1761416251293"},"timestamp":"2025-10-25T18:17:31.308Z"}
{"level":"info","message":{"correlationId":"e5d901d2-156e-48e2-a248-a135f2239d6a","ip":"::1","method":"GET","url":"/api/users?skip=0&limit=30&sort_by=firstName&sort_order=asc"},"timestamp":"2025-10-25T18:17:31.311Z"}
{"level":"info","message":{"correlationId":"e527285b-448e-4e1d-9d02-1d88c3738af6","ip":"::1","method":"GET","url":"/api/users?skip=0&limit=30&sort_by=firstName&sort_order=asc"},"timestamp":"2025-10-25T18:17:36.249Z"}
{"level":"info","message":{"correlationId":"e17321bd-0b70-4bc9-866e-93a237dc90a6","ip":"::1","method":"GET","url":"/api/users?skip=0&limit=30&sort_by=firstName&sort_order=asc"},"timestamp":"2025-10-25T18:17:36.251Z"}
{"level":"info","message":{"correlationId":"56ae215a-7b9b-4954-bbac-1d43d40bb86d","ip":"::1","method":"GET","url":"/api/users/departments?cb=1761416256247"},"timestamp":"2025-10-25T18:17:36.257Z"}
{"level":"info","message":{"correlationId":"0a5058e8-8f24-439c-9aea-01f0313404ce","ip":"::1","method":"GET","url":"/api/users/departments?cb=1761416256248"},"timestamp":"2025-10-25T18:17:36.266Z"}
{"level":"info","message":{"correlationId":"f7fc15f4-91dc-4cf8-bf60-b4ba68a33adf","ip":"::1","method":"GET","url":"/api/users?skip=0&limit=30&sort_by=firstName&sort_order=asc"},"timestamp":"2025-10-25T18:19:10.429Z"}
{"level":"info","message":{"correlationId":"6e744eb9-320a-437d-8843-82503519249a","ip":"::1","method":"GET","url":"/api/users/departments?cb=1761416350408"},"timestamp":"2025-10-25T18:19:10.447Z"}
{"level":"info","message":{"correlationId":"92001f26-1c81-4591-89d5-9fe998006406","ip":"::1","method":"GET","url":"/api/users/departments?cb=1761416350410"},"timestamp":"2025-10-25T18:19:10.450Z"}
{"level":"info","message":{"correlationId":"387a9233-454a-463a-8913-dd6fa211e572","ip":"::1","method":"GET","url":"/api/users?skip=0&limit=30&sort_by=firstName&sort_order=asc"},"timestamp":"2025-10-25T18:19:10.453Z"}
{"level":"info","message":{"correlationId":"425cf98b-6031-4a9a-9afe-d100c575e1e3","ip":"::1","method":"POST","url":"/auth/login"},"timestamp":"2025-10-25T18:19:11.968Z"}
{"level":"info","message":{"correlationId":"fc1a5d22-37de-4482-b5a1-bb89997edcf9","ip":"::1","method":"POST","url":"/auth/login"},"timestamp":"2025-10-25T18:19:31.814Z"}
{"level":"info","message":{"correlationId":"d2aa9464-0bc9-40ea-ba0d-4f1d6c8f56ca","ip":"::1","method":"POST","url":"/auth/login"},"timestamp":"2025-10-25T18:20:44.096Z"}
{"level":"info","message":{"correlationId":"a5c1e86a-cc2a-492e-8268-7178640f8c44","ip":"::1","method":"POST","url":"/auth/login"},"timestamp":"2025-10-25T18:22:58.135Z"}
{"level":"info","message":{"correlationId":"1d808596-28ae-43e2-9335-21204f02f7af","ip":"::1","method":"POST","url":"/api/auth/login"},"timestamp":"2025-10-25T18:23:44.493Z"}
{"level":"info","message":{"correlationId":"ac4158eb-fd8b-4be6-a46a-ca848dc41972","ip":"::1","method":"POST","url":"/api/auth/login"},"timestamp":"2025-10-25T18:24:35.956Z"}
{"level":"info","message":{"correlationId":"d8783d1e-db44-4fe8-bd06-c926113d8ba8","ip":"::1","method":"POST","url":"/api/auth/login"},"timestamp":"2025-10-25T18:24:38.834Z"}
{"level":"info","message":{"correlationId":"a348fe1f-7cc5-4cd5-ace7-c56d546e9b43","ip":"::1","method":"POST","url":"/auth/login"},"timestamp":"2025-10-25T18:26:42.919Z"}
{"level":"info","message":{"correlationId":"2340c19d-c7d0-44a7-b467-4b47a5317e43","ip":"::1","method":"POST","url":"/auth/login"},"timestamp":"2025-10-25T18:29:57.591Z"}
{"level":"info","message":{"correlationId":"5f6bd5cd-3e66-4381-969b-d06234fe69a0","ip":"::1","method":"POST","url":"/auth/login"},"timestamp":"2025-10-25T18:30:18.916Z"}
{"level":"info","message":{"correlationId":"38f6bde7-4e02-4370-9b55-2d5031279b58","ip":"::1","method":"POST","url":"/auth/login"},"timestamp":"2025-10-25T18:32:24.932Z"}
{"level":"info","message":{"correlationId":"9617e2bc-5d11-4725-a330-50f19dcc620d","ip":"::1","method":"GET","url":"/api/users?skip=0&limit=30&sort_by=firstName&sort_order=asc"},"timestamp":"2025-10-25T18:32:25.446Z"}
{"level":"info","message":{"correlationId":"fbe6c8f7-87c8-400c-a214-40a9653f8457","ip":"::1","method":"GET","url":"/api/users?skip=0&limit=30&sort_by=firstName&sort_order=asc"},"timestamp":"2025-10-25T18:32:25.451Z"}
{"level":"info","message":{"correlationId":"a742dd19-9752-435e-8e0b-825e432b2171","ip":"::1","method":"GET","url":"/api/users/departments?cb=1761417145440"},"timestamp":"2025-10-25T18:32:25.454Z"}
{"level":"info","message":{"correlationId":"1e3f4729-c9b9-41df-ad3d-d2bfe7deab4e","ip":"::1","method":"GET","url":"/api/users/departments?cb=1761417145441"},"timestamp":"2025-10-25T18:32:25.456Z"}
{"level":"info","message":{"correlationId":"f274b8a2-8838-402e-9efc-1d97393051d0","ip":"::1","method":"POST","url":"/auth/login"},"timestamp":"2025-10-25T18:32:28.673Z"}
{"level":"info","message":{"correlationId":"c3c39c47-5a03-4832-981f-12ada984c7d4","ip":"::1","method":"GET","url":"/api/users?skip=0&limit=30&sort_by=firstName&sort_order=asc"},"timestamp":"2025-10-25T18:32:29.064Z"}
{"level":"info","message":{"correlationId":"9611ffdc-c8fb-4584-8199-726d408a4049","ip":"::1","method":"GET","url":"/api/users?skip=0&limit=30&sort_by=firstName&sort_order=asc"},"timestamp":"2025-10-25T18:32:29.073Z"}
{"level":"info","message":{"correlationId":"d0759a2a-c5d6-41b5-bc24-7679ff1dfe0f","ip":"::1","method":"GET","url":"/api/users/departments?cb=1761417149063"},"timestamp":"2025-10-25T18:32:29.077Z"}
{"level":"info","message":{"correlationId":"4bfca22b-01fa-410f-afef-cbb0803ca6f9","ip":"::1","method":"GET","url":"/api/users/departments?cb=1761417149064"},"timestamp":"2025-10-25T18:32:29.080Z"}
{"level":"info","message":{"correlationId":"d09a6a6f-c96b-4d8b-8790-32306261fdad","ip":"::1","method":"POST","url":"/auth/login"},"timestamp":"2025-10-25T18:32:30.930Z"}
{"level":"info","message":{"correlationId":"3d8a9f00-afa7-4bc5-aa24-3daf9f98a882","ip":"::1","method":"GET","url":"/api/users?skip=0&limit=30&sort_by=firstName&sort_order=asc"},"timestamp":"2025-10-25T18:32:31.304Z"}
{"level":"info","message":{"correlationId":"48f43218-cefc-4d73-972b-b58ebb5df437","ip":"::1","method":"GET","url":"/api/users?skip=0&limit=30&sort_by=firstName&sort_order=asc"},"timestamp":"2025-10-25T18:32:31.307Z"}
{"level":"info","message":{"correlationId":"7e25ef9e-e028-4fe7-a065-d9277255dddb","ip":"::1","method":"GET","url":"/api/users/departments?cb=1761417151303"},"timestamp":"2025-10-25T18:32:31.317Z"}
{"level":"info","message":{"correlationId":"2b5ef62e-1baf-4b50-aafa-1201f06ec511","ip":"::1","method":"GET","url":"/api/users/departments?cb=1761417151304"},"timestamp":"2025-10-25T18:32:31.318Z"}
{"level":"info","message":{"correlationId":"c5db9819-4e45-4af8-86c0-e4d32badba86","ip":"::1","method":"POST","url":"/auth/login"},"timestamp":"2025-10-25T18:35:48.606Z"}
{"level":"info","message":{"correlationId":"8233ba0c-c6cc-48cc-827b-fce4726978ba","ip":"::1","method":"GET","url":"/api/users?skip=0&limit=30&sort_by=firstName&sort_order=asc"},"timestamp":"2025-10-25T18:35:49.019Z"}
{"level":"info","message":{"correlationId":"530e56ba-f1ce-4e08-9342-7df8b6f21d60","ip":"::1","method":"GET","url":"/api/users?skip=0&limit=30&sort_by=firstName&sort_order=asc"},"timestamp":"2025-10-25T18:35:49.035Z"}
{"level":"info","message":{"correlationId":"fbaa4503-a1fd-4854-9dfd-39e62a18ade3","ip":"::1","method":"GET","url":"/api/users/departments?cb=1761417349017"},"timestamp":"2025-10-25T18:35:49.038Z"}
{"level":"info","message":{"correlationId":"98283117-4b23-488d-ae4b-f07da33091c1","ip":"::1","method":"GET","url":"/api/users/departments?cb=1761417349020"},"timestamp":"2025-10-25T18:35:49.041Z"}
{"level":"info","message":{"correlationId":"11e7214a-5363-481a-a285-256c7f289f1a","ip":"::1","method":"POST","url":"/auth/login"},"timestamp":"2025-10-25T18:35:50.247Z"}
{"level":"info","message":{"correlationId":"1f686091-bc9c-499c-905b-3d6e224d6a1f","ip":"::1","method":"GET","url":"/api/users?skip=0&limit=30&sort_by=firstName&sort_order=asc"},"timestamp":"2025-10-25T18:35:50.606Z"}
{"level":"info","message":{"correlationId":"f6f07217-7223-42f7-9601-a1e756337b17","ip":"::1","method":"GET","url":"/api/users?skip=0&limit=30&sort_by=firstName&sort_order=asc"},"timestamp":"2025-10-25T18:35:50.612Z"}
{"level":"info","message":{"correlationId":"e4c00271-332f-4ec0-9af0-9c5e6549dc71","ip":"::1","method":"GET","url":"/api/users/departments?cb=1761417350604"},"timestamp":"2025-10-25T18:35:50.616Z"}
{"level":"info","message":{"correlationId":"a261476a-4457-4e38-8ed5-3ef359da565b","ip":"::1","method":"GET","url":"/api/users/departments?cb=1761417350606"},"timestamp":"2025-10-25T18:35:50.619Z"}
{"level":"info","message":{"correlationId":"05a70dbe-0673-414f-a378-c91e4f419e6e","ip":"::1","method":"POST","url":"/auth/login"},"timestamp":"2025-10-25T18:35:59.255Z"}
{"level":"info","message":{"correlationId":"d3e3ee75-a95c-4e00-ae68-b35c9def4510","ip":"::1","method":"GET","url":"/api/users?skip=0&limit=30&sort_by=firstName&sort_order=asc"},"timestamp":"2025-10-25T18:35:59.658Z"}
{"level":"info","message":{"correlationId":"f8a1648d-65cf-46ea-9fd6-ef15801371d1","ip":"::1","method":"GET","url":"/api/users?skip=0&limit=30&sort_by=firstName&sort_order=asc"},"timestamp":"2025-10-25T18:35:59.665Z"}
{"level":"info","message":{"correlationId":"e381e09f-53a4-411f-a9d6-da8a51f5037a","ip":"::1","method":"GET","url":"/api/users/departments?cb=1761417359649"},"timestamp":"2025-10-25T18:35:59.679Z"}
{"level":"info","message":{"correlationId":"486d39e6-c80a-4a5f-9dca-99260729ba2a","ip":"::1","method":"GET","url":"/api/users/departments?cb=1761417359650"},"timestamp":"2025-10-25T18:35:59.681Z"}
{"level":"info","message":{"correlationId":"43e99cb9-feb2-4738-9c4d-5c8ffd81a8d1","ip":"::1","method":"POST","url":"/auth/login"},"timestamp":"2025-10-25T18:37:26.218Z"}
{"level":"info","message":{"correlationId":"cc2133db-fa18-422c-882e-19c55c70db90","ip":"::1","method":"GET","url":"/api/users?skip=0&limit=30&sort_by=firstName&sort_order=asc"},"timestamp":"2025-10-25T18:37:26.722Z"}
{"level":"info","message":{"correlationId":"cb67f9cb-d617-4f91-94bf-628b8fd9823a","ip":"::1","method":"GET","url":"/api/users/departments?cb=1761417446688"},"timestamp":"2025-10-25T18:37:26.733Z"}
{"level":"info","message":{"correlationId":"1f58d35f-d710-47bd-b00a-7b53ede7c5a6","ip":"::1","method":"GET","url":"/api/users/departments?cb=1761417446690"},"timestamp":"2025-10-25T18:37:26.735Z"}
{"level":"info","message":{"correlationId":"2002bffd-0dee-42c6-b28c-5bb2b5d571e6","ip":"::1","method":"GET","url":"/api/users?skip=0&limit=30&sort_by=firstName&sort_order=asc"},"timestamp":"2025-10-25T18:37:26.738Z"}
{"level":"info","message":{"correlationId":"9e8dfed3-fb93-4af9-8d53-fe251e9be7d3","ip":"::1","method":"POST","url":"/auth/login"},"timestamp":"2025-10-25T18:55:30.709Z"}
{"level":"info","message":{"correlationId":"995aeb5a-a820-4021-8051-b14cba96e7bb","ip":"::1","method":"POST","url":"/auth/login"},"timestamp":"2025-10-25T19:01:00.964Z"}
{"level":"info","message":{"correlationId":"e88465ff-cba6-4d2a-8dbf-f68d59ea946c","ip":"::1","method":"GET","url":"/api/users?skip=0&limit=30&sort_by=firstName&sort_order=asc"},"timestamp":"2025-10-25T19:01:01.518Z"}
{"level":"info","message":{"correlationId":"9327c496-eccc-4dfd-968c-e381ebecd0f3","ip":"::1","method":"GET","url":"/api/users/departments?cb=1761418861489"},"timestamp":"2025-10-25T19:01:01.536Z"}
{"level":"info","message":{"correlationId":"0986e2d0-f9b9-44a9-965a-978f508a36eb","ip":"::1","method":"GET","url":"/api/users/departments?cb=1761418861491"},"timestamp":"2025-10-25T19:01:01.539Z"}
{"level":"info","message":{"correlationId":"5475a4d5-cc85-463a-945e-6be4ed3b0ca7","ip":"::1","method":"GET","url":"/api/users?skip=0&limit=30&sort_by=firstName&sort_order=asc"},"timestamp":"2025-10-25T19:01:01.556Z"}
{"level":"info","message":{"correlationId":"f8a9fb6f-ee65-4b21-9c78-2dcb23d4b4df","ip":"::1","method":"DELETE","url":"/api/users/4"},"timestamp":"2025-10-25T19:01:09.509Z"}
{"level":"info","message":{"correlationId":"6e7960e1-475a-4616-95bb-e680d4783b7d","ip":"::1","method":"DELETE","url":"/api/users/1"},"timestamp":"2025-10-25T19:01:13.957Z"}
{"level":"info","message":{"correlationId":"0539081b-6c2b-47c3-b410-b85eb5f104cb","ip":"::1","method":"GET","url":"/api/users/export"},"timestamp":"2025-10-25T19:01:16.463Z"}
{"level":"info","message":{"correlationId":"a527ceb0-28f3-44ff-8d11-e28eaec0e25c","ip":"::1","method":"POST","url":"/api/users/import/preview"},"timestamp":"2025-10-25T19:01:20.757Z"}
{"level":"info","message":{"correlationId":"753c9788-2eef-4140-8f69-3289a0eb900b","ip":"::1","method":"POST","url":"/api/users/import/preview"},"timestamp":"2025-10-25T19:01:26.193Z"}
{"level":"info","message":{"correlationId":"17053d3d-39da-416d-8c13-79ba8bd3a976","ip":"::1","method":"POST","url":"/api/users/import/confirm"},"timestamp":"2025-10-25T19:01:27.808Z"}
{"level":"info","message":{"correlationId":"df221d80-220b-49e4-8c23-8c333fbf5e0c","ip":"::1","method":"GET","url":"/api/users?skip=0&limit=30&sort_by=firstName&sort_order=asc"},"timestamp":"2025-10-25T19:01:27.853Z"}
{"level":"info","message":{"correlationId":"95c5076f-ef49-45bf-9d2e-046550728d60","ip":"::1","method":"GET","url":"/api/users/departments?cb=1761418887859"},"timestamp":"2025-10-25T19:01:27.862Z"}
{"level":"info","message":{"correlationId":"01cb0d3c-c845-4a10-a937-9e731df5333e","ip":"::1","method":"GET","url":"/api/users?skip=0&limit=30&sort_by=firstName&sort_order=asc"},"timestamp":"2025-10-25T19:01:31.051Z"}
{"level":"info","message":{"correlationId":"b7c88f02-2a67-4a4a-a93d-d6b8461759a7","ip":"::1","method":"GET","url":"/api/users/departments?cb=1761418891045"},"timestamp":"2025-10-25T19:01:31.054Z"}
{"level":"info","message":{"correlationId":"ff369bf2-e607-4ba5-9f47-a06b6add4bda","ip":"::1","method":"GET","url":"/api/users/departments?cb=1761418891047"},"timestamp":"2025-10-25T19:01:31.059Z"}
{"level":"info","message":{"correlationId":"7fcfc092-b1cb-41cd-aa1c-d73a775c7d5e","ip":"::1","method":"GET","url":"/api/users?skip=0&limit=30&sort_by=firstName&sort_order=asc"},"timestamp":"2025-10-25T19:01:31.062Z"}
{"level":"info","message":{"correlationId":"6bc378bb-f9ce-4290-a0fd-f1a77dc85f6c","ip":"::1","method":"GET","url":"/api/users?skip=30&limit=30&sort_by=firstName&sort_order=asc"},"timestamp":"2025-10-25T19:01:45.927Z"}
{"level":"info","message":{"correlationId":"ff4f9b59-fd53-431c-9dd1-ba0e54c95c8d","ip":"::1","method":"GET","url":"/api/users?skip=0&limit=30&sort_by=firstName&sort_order=asc"},"timestamp":"2025-10-25T19:01:46.996Z"}
{"level":"info","message":{"correlationId":"01bffade-0f0f-4601-8c82-c34129fcca9e","ip":"::1","method":"GET","url":"/api/users/departments?cb=1761418943158"},"timestamp":"2025-10-25T19:02:23.164Z"}
{"level":"info","message":{"correlationId":"a93c9b09-91da-4ae6-9271-d7badbf2b3b0","ip":"::1","method":"GET","url":"/api/users?skip=0&limit=30&sort_by=firstName&sort_order=asc"},"timestamp":"2025-10-25T19:02:23.166Z"}
{"level":"info","message":{"correlationId":"90b10378-a30d-42e9-8d74-47d418e35e97","ip":"::1","method":"GET","url":"/api/users/departments?cb=1761418943159"},"timestamp":"2025-10-25T19:02:23.167Z"}
{"level":"info","message":{"correlationId":"5924b542-497b-486f-9b40-7227e3f77515","ip":"::1","method":"GET","url":"/api/users?skip=0&limit=30&sort_by=firstName&sort_order=asc"},"timestamp":"2025-10-25T19:02:23.173Z"}
{"level":"info","message":{"correlationId":"655fb6a6-b01c-401c-8a7c-5054e8a1e964","ip":"::1","method":"GET","url":"/api/users?skip=0&limit=30&sort_by=city&sort_order=asc"},"timestamp":"2025-10-25T19:02:58.072Z"}
{"level":"info","message":{"correlationId":"550e28c8-e3bb-4420-9c89-898452f6fc22","ip":"::1","method":"GET","url":"/api/users?skip=0&limit=30&sort_by=firstName&sort_order=asc"},"timestamp":"2025-10-25T19:03:27.771Z"}
{"level":"info","message":{"correlationId":"bf6d4342-ee2a-4dc8-9970-b1645349bfcc","ip":"::1","method":"GET","url":"/api/users?skip=0&limit=30&sort_by=firstName&sort_order=asc"},"timestamp":"2025-10-25T19:06:23.283Z"}
{"level":"info","message":{"correlationId":"991bad77-6799-4ad6-a486-6479a12eb45b","ip":"::1","method":"GET","url":"/api/users/departments?cb=1761419183265"},"timestamp":"2025-10-25T19:06:23.305Z"}
{"level":"info","message":{"correlationId":"16f48b52-c99c-4ee9-b61d-389a1a76be4f","ip":"::1","method":"GET","url":"/api/users/departments?cb=1761419183266"},"timestamp":"2025-10-25T19:06:23.308Z"}
{"level":"info","message":{"correlationId":"87fe1a55-dfa4-46b7-86dd-56772763ca5b","ip":"::1","method":"GET","url":"/api/users?skip=0&limit=30&sort_by=firstName&sort_order=asc"},"timestamp":"2025-10-25T19:06:23.324Z"}
{"level":"info","message":{"correlationId":"ac1addbd-2460-48c9-838b-fb5a0387dfdd","ip":"::1","method":"GET","url":"/api/users?skip=0&limit=30&sort_by=firstName&sort_order=asc"},"timestamp":"2025-10-25T19:06:34.516Z"}
{"level":"info","message":{"correlationId":"a9a57b83-aa5c-46e1-8b8d-5c29c3c2429f","ip":"::1","method":"GET","url":"/api/users/departments?cb=1761419194503"},"timestamp":"2025-10-25T19:06:34.542Z"}
{"level":"info","message":{"correlationId":"a24184a7-bfa9-4517-9f13-fb695046c3f0","ip":"::1","method":"GET","url":"/api/users?skip=0&limit=30&sort_by=firstName&sort_order=asc"},"timestamp":"2025-10-25T19:06:34.556Z"}
{"level":"info","message":{"correlationId":"2b451414-66f7-43ca-b376-1f23fb737289","ip":"::1","method":"GET","url":"/api/users/departments?cb=1761419194503"},"timestamp":"2025-10-25T19:06:34.559Z"}
{"level":"info","message":{"correlationId":"ae536621-fe59-4640-a66a-5709a3ba9242","ip":"::1","method":"GET","url":"/api/users?skip=0&limit=30&sort_by=firstName&sort_order=asc"},"timestamp":"2025-10-25T19:07:23.544Z"}
{"level":"info","message":{"correlationId":"e67d0bce-7ff5-491a-928a-9d67f7722273","ip":"::1","method":"GET","url":"/api/users/departments?cb=1761419243523"},"timestamp":"2025-10-25T19:07:23.548Z"}
{"level":"info","message":{"correlationId":"84618808-84f0-456c-90a0-41ab1e37be68","ip":"::1","method":"GET","url":"/api/users/departments?cb=1761419243525"},"timestamp":"2025-10-25T19:07:23.551Z"}
{"level":"info","message":{"correlationId":"7ddfb3b5-61ad-4a99-b391-837620b53609","ip":"::1","method":"GET","url":"/api/users?skip=0&limit=30&sort_by=firstName&sort_order=asc"},"timestamp":"2025-10-25T19:07:23.558Z"}
{"level":"info","message":{"correlationId":"795fb053-0872-424b-a6f8-9b00b60ea6a4","ip":"::1","method":"GET","url":"/users"},"timestamp":"2025-10-25T19:09:08.364Z"}
{"level":"info","message":{"correlationId":"d05ac760-bbfb-4011-a64a-56735efb12dc","ip":"::1","method":"GET","url":"/api/users"},"timestamp":"2025-10-25T19:09:14.893Z"}
{"level":"info","message":{"correlationId":"1f64aa67-a4aa-4a84-a073-759250a63504","ip":"::1","method":"POST","url":"/auth/login"},"timestamp":"2025-10-25T19:09:21.419Z"}
{"level":"info","message":{"correlationId":"e139619e-87cd-4000-b2c9-a29b0a451c13","ip":"::1","method":"GET","url":"/api/users"},"timestamp":"2025-10-25T19:09:25.195Z"}
{"level":"info","message":{"correlationId":"18bfb7c9-b6bb-485b-a39e-48f48035ba5a","ip":"::1","method":"GET","url":"/api/users"},"timestamp":"2025-10-25T19:09:54.203Z"}
{"level":"info","message":{"correlationId":"fc8266a6-d30e-4a83-9a5b-77a493d711a9","ip":"::1","method":"GET","url":"/api/users"},"timestamp":"2025-10-25T19:10:01.566Z"}
{"level":"info","message":{"correlationId":"f0ba1b76-d99b-442a-b5ad-14d77cca68c9","ip":"::1","method":"GET","url":"/api/users"},"timestamp":"2025-10-25T19:10:10.756Z"}
{"level":"info","message":{"correlationId":"14917842-9d8c-42bc-882a-300cef2d4698","ip":"::1","method":"POST","url":"/api/users/"},"timestamp":"2025-10-25T19:10:42.082Z"}
{"level":"info","message":{"correlationId":"e2c35195-8f67-4ed1-af76-3f6fb6c9ce2b","ip":"::1","method":"POST","url":"/api/users/"},"timestamp":"2025-10-25T19:10:48.465Z"}
{"level":"info","message":{"correlationId":"896eab0b-e6a5-487b-8da9-231ae772bb57","ip":"::1","method":"GET","url":"/api/users?skip=0&limit=30&sort_by=firstName&sort_order=asc"},"timestamp":"2025-10-25T19:13:28.755Z"}
{"level":"info","message":{"correlationId":"153ce5f8-ccec-4fc6-a0dc-4f750f9adbc1","ip":"::1","method":"GET","url":"/api/users/departments?cb=1761419608738"},"timestamp":"2025-10-25T19:13:28.778Z"}
{"level":"info","message":{"correlationId":"c1517361-8efa-4aaf-ace9-ea11866cfbc8","ip":"::1","method":"GET","url":"/api/users/departments?cb=1761419608739"},"timestamp":"2025-10-25T19:13:28.782Z"}
{"level":"info","message":{"correlationId":"ad22f945-7c6c-42e7-a8ac-6e1372c51bb4","ip":"::1","method":"GET","url":"/api/users?skip=0&limit=30&sort_by=firstName&sort_order=asc"},"timestamp":"2025-10-25T19:13:28.795Z"}
{"level":"info","message":{"correlationId":"c7d2db7b-821c-4379-acd7-cc982460d939","ip":"::1","method":"GET","url":"/api/users?skip=30&limit=30&sort_by=firstName&sort_order=asc"},"timestamp":"2025-10-25T19:13:35.617Z"}
{"level":"info","message":{"correlationId":"72394df1-4c0b-4168-8c3e-d26c64a3dcb8","ip":"::1","method":"GET","url":"/api/users?skip=60&limit=30&sort_by=firstName&sort_order=asc"},"timestamp":"2025-10-25T19:13:36.343Z"}
{"level":"info","message":{"correlationId":"0b0c2dc5-3d51-4b07-a8ec-59223ba6676f","ip":"::1","method":"GET","url":"/api/users?skip=90&limit=30&sort_by=firstName&sort_order=asc"},"timestamp":"2025-10-25T19:13:45.030Z"}
{"level":"info","message":{"correlationId":"3468618c-e64a-4527-8654-0c25b971aa45","ip":"::ffff:127.0.0.1","method":"GET","url":"/api/users/deleted?limit=100"},"timestamp":"2025-10-25T19:13:54.555Z"}
{"level":"info","message":{"correlationId":"857ae75b-562a-48da-a595-8a788bbe1a84","ip":"::1","method":"POST","url":"/api/users/bulk-delete"},"timestamp":"2025-10-25T19:14:00.849Z"}
{"level":"info","message":{"correlationId":"c8187027-9b78-4aa1-a255-e2e982b0eae9","ip":"::1","method":"GET","url":"/api/users?skip=90&limit=30&sort_by=firstName&sort_order=asc"},"timestamp":"2025-10-25T19:14:00.861Z"}
{"level":"info","message":{"correlationId":"145f9665-3aff-494f-bada-7fd1358673e3","ip":"::ffff:127.0.0.1","method":"GET","url":"/api/users/deleted?limit=100"},"timestamp":"2025-10-25T19:14:03.037Z"}
{"level":"info","message":{"correlationId":"45b0fc33-6f29-4198-9648-8d7e9b02e1b8","ip":"::ffff:127.0.0.1","method":"DELETE","url":"/api/users/323/permanent"},"timestamp":"2025-10-25T19:14:05.438Z"}
{"level":"info","message":{"correlationId":"a3349d4f-c5c2-488a-8eae-a89bea1a3b92","ip":"::ffff:127.0.0.1","method":"GET","url":"/api/users/deleted?limit=100"},"timestamp":"2025-10-25T19:14:05.453Z"}
{"level":"info","message":{"correlationId":"888ef706-206b-4369-b3b1-6ee17fde4ce5","ip":"::1","method":"GET","url":"/api/users?skip=90&limit=30&sort_by=firstName&sort_order=asc"},"timestamp":"2025-10-25T19:14:05.455Z"}
{"level":"info","message":{"correlationId":"cc2b21ad-61da-4093-a58c-a146076c3da9","ip":"::1","method":"GET","url":"/api/users/departments?cb=1761419645451"},"timestamp":"2025-10-25T19:14:05.456Z"}
{"level":"info","message":{"correlationId":"74e1deda-6c61-411c-8b6a-a58016a13135","ip":"::ffff:127.0.0.1","method":"PUT","url":"/api/users/223/restore"},"timestamp":"2025-10-25T19:14:07.505Z"}
{"level":"info","message":{"correlationId":"78e02da5-9fc7-4303-a22f-d18c0d54ab1a","ip":"::ffff:127.0.0.1","method":"PUT","url":"/api/users/223/restore"},"timestamp":"2025-10-25T19:14:12.542Z"}
{"level":"info","message":{"correlationId":"74acf9c7-4c31-4c56-95eb-7abfaae3d7da","ip":"::ffff:127.0.0.1","method":"DELETE","url":"/api/users/223/permanent"},"timestamp":"2025-10-25T19:14:14.970Z"}
{"level":"info","message":{"correlationId":"46b1765d-54db-4fa8-bccf-646cd7527dc8","ip":"::ffff:127.0.0.1","method":"GET","url":"/api/users/deleted?limit=100"},"timestamp":"2025-10-25T19:14:14.982Z"}
{"level":"info","message":{"correlationId":"cf9358b1-112d-439d-8f80-4835bbfac056","ip":"::1","method":"GET","url":"/api/users?skip=90&limit=30&sort_by=firstName&sort_order=asc"},"timestamp":"2025-10-25T19:14:14.983Z"}
{"level":"info","message":{"correlationId":"926e51a4-b8b8-4181-97ab-f10c36190b6f","ip":"::1","method":"GET","url":"/api/users/departments?cb=1761419654978"},"timestamp":"2025-10-25T19:14:14.984Z"}
{"level":"info","message":{"correlationId":"fd1c6525-0a63-48ab-b046-98c722594954","ip":"::1","method":"DELETE","url":"/api/users/381"},"timestamp":"2025-10-25T19:14:20.445Z"}
{"level":"info","message":{"correlationId":"2828b9c7-a6f6-46ac-9fd5-d7dc5845f85f","ip":"::ffff:127.0.0.1","method":"GET","url":"/api/users/deleted?limit=100"},"timestamp":"2025-10-25T19:14:22.176Z"}
{"level":"info","message":{"correlationId":"696c924b-7be6-4557-83b8-ea55313c9418","ip":"::ffff:127.0.0.1","method":"PUT","url":"/api/users/381/restore"},"timestamp":"2025-10-25T19:14:24.713Z"}
{"level":"info","message":{"correlationId":"bfc7c2d0-facc-499c-8440-57db31075e2b","ip":"::ffff:127.0.0.1","method":"POST","url":"/api/users/bulk-restore"},"timestamp":"2025-10-25T19:14:41.644Z"}
{"level":"info","message":{"correlationId":"dce1a7ea-63ce-47b5-8346-aad3456eab55","ip":"::ffff:127.0.0.1","method":"GET","url":"/api/users/deleted?limit=100"},"timestamp":"2025-10-25T19:14:41.655Z"}
{"level":"info","message":{"correlationId":"57282127-98a6-4da6-9d62-4f72f8e2a9c2","ip":"::1","method":"GET","url":"/api/users?skip=90&limit=30&sort_by=firstName&sort_order=asc"},"timestamp":"2025-10-25T19:14:41.657Z"}
{"level":"info","message":{"correlationId":"f1d1fbe1-8b1a-4842-af45-5f4cf27c359d","ip":"::1","method":"GET","url":"/api/users/departments?cb=1761419681652"},"timestamp":"2025-10-25T19:14:41.658Z"}
{"level":"info","message":{"correlationId":"01c7bb6e-b25a-44a6-b0a0-3b09bc900630","ip":"::1","method":"GET","url":"/api/users?skip=0&limit=30&sort_by=firstName&sort_order=asc"},"timestamp":"2025-10-25T19:15:20.536Z"}
{"level":"info","message":{"correlationId":"3c6464b2-5e91-4081-82cd-bdf3f655cf69","ip":"::1","method":"GET","url":"/api/users/departments?cb=1761419720517"},"timestamp":"2025-10-25T19:15:20.557Z"}
{"level":"info","message":{"correlationId":"dc66f019-81b5-4960-ba05-75ffa4bf019f","ip":"::1","method":"GET","url":"/api/users/departments?cb=1761419720518"},"timestamp":"2025-10-25T19:15:20.563Z"}
{"level":"info","message":{"correlationId":"103d7ed3-b35d-4030-b2e3-b6c37b2537c4","ip":"::1","method":"GET","url":"/api/users?skip=0&limit=30&sort_by=firstName&sort_order=asc"},"timestamp":"2025-10-25T19:15:20.567Z"}
{"level":"info","message":{"correlationId":"0a7ee1e2-2981-4dc3-8ee6-13d2b101700c","ip":"::1","method":"GET","url":"/api/users?skip=0&limit=30&sort_by=firstName&sort_order=asc"},"timestamp":"2025-10-25T19:15:25.928Z"}
{"level":"info","message":{"correlationId":"09c2f80c-0ef0-4825-b0f7-7d0731dd20e8","ip":"::1","method":"GET","url":"/api/users/departments?cb=1761419725912"},"timestamp":"2025-10-25T19:15:25.954Z"}
{"level":"info","message":{"correlationId":"cadc2883-f45a-4c1e-9457-471818674d79","ip":"::1","method":"GET","url":"/api/users/departments?cb=1761419725913"},"timestamp":"2025-10-25T19:15:25.956Z"}
{"level":"info","message":{"correlationId":"6cc0801d-7a89-448e-8759-42b285a077bc","ip":"::1","method":"GET","url":"/api/users?skip=0&limit=30&sort_by=firstName&sort_order=asc"},"timestamp":"2025-10-25T19:15:25.990Z"}
{"level":"info","message":{"correlationId":"436e1336-208a-4c03-9060-0b262d932def","ip":"::1","method":"DELETE","url":"/api/users/313"},"timestamp":"2025-10-25T19:16:03.253Z"}
{"level":"info","message":{"correlationId":"7397e40a-0e98-4119-9452-a0ff3218dcb6","ip":"::ffff:127.0.0.1","method":"GET","url":"/api/users/deleted?limit=100"},"timestamp":"2025-10-25T19:16:04.450Z"}
{"level":"info","message":{"correlationId":"07146649-a8d1-4d5a-a29d-75fd24d9c0b1","ip":"::ffff:127.0.0.1","method":"PUT","url":"/api/users/313/restore"},"timestamp":"2025-10-25T19:16:07.176Z"}
{"level":"info","message":{"correlationId":"3967225d-e4cf-4059-a664-68dd3c9930af","ip":"::ffff:127.0.0.1","method":"POST","url":"/api/users/bulk-permanent-delete"},"timestamp":"2025-10-25T19:16:13.205Z"}
{"level":"info","message":{"correlationId":"ee0154c3-08ec-4aaf-adfa-47f8b78655eb","ip":"::ffff:127.0.0.1","method":"GET","url":"/api/users/deleted?limit=100"},"timestamp":"2025-10-25T19:16:13.218Z"}
{"level":"info","message":{"correlationId":"ae5d4e92-f441-4d66-b4b0-f04ce4e74cee","ip":"::1","method":"GET","url":"/api/users?skip=0&limit=30&sort_by=firstName&sort_order=asc"},"timestamp":"2025-10-25T19:16:13.221Z"}
{"level":"info","message":{"correlationId":"a51533b3-2789-448b-89dd-0cafefa6a509","ip":"::1","method":"GET","url":"/api/users/departments?cb=1761419773214"},"timestamp":"2025-10-25T19:16:13.224Z"}
{"level":"info","message":{"correlationId":"2128225a-ff24-4e17-b782-3ce7fe08d8bc","ip":"::1","method":"DELETE","url":"/api/users/213"},"timestamp":"2025-10-25T19:16:24.247Z"}
{"level":"info","message":{"correlationId":"fae73626-bcd0-4a5b-aa9b-7c46ec6d6cdc","ip":"::ffff:127.0.0.1","method":"GET","url":"/api/users/deleted?limit=100"},"timestamp":"2025-10-25T19:16:25.406Z"}
{"level":"info","message":{"correlationId":"1c205bf9-21ca-48c9-8c09-574633009c2c","ip":"::ffff:127.0.0.1","method":"DELETE","url":"/api/users/213/permanent"},"timestamp":"2025-10-25T19:16:27.947Z"}
{"level":"info","message":{"correlationId":"133bd393-627c-411f-aa63-0630a3fa89e9","ip":"::ffff:127.0.0.1","method":"GET","url":"/api/users/deleted?limit=100"},"timestamp":"2025-10-25T19:16:27.961Z"}
{"level":"info","message":{"correlationId":"ec0f8ca4-e54e-4b59-b83b-87492657be82","ip":"::1","method":"GET","url":"/api/users?skip=0&limit=30&sort_by=firstName&sort_order=asc"},"timestamp":"2025-10-25T19:16:27.964Z"}
{"level":"info","message":{"correlationId":"b457a1cd-224d-4377-82e3-7d41f4a0613c","ip":"::1","method":"GET","url":"/api/users/departments?cb=1761419787955"},"timestamp":"2025-10-25T19:16:27.967Z"}
{"level":"info","message":{"correlationId":"9a374c5e-eb99-4c4b-a3fe-dad7c73076b0","ip":"::1","method":"DELETE","url":"/api/users/324"},"timestamp":"2025-10-25T19:16:32.140Z"}
{"level":"info","message":{"correlationId":"8a780db4-d7f6-48bd-8679-4e402ab52b2f","ip":"::ffff:127.0.0.1","method":"GET","url":"/api/users/deleted?limit=100"},"timestamp":"2025-10-25T19:16:33.283Z"}
{"level":"info","message":{"correlationId":"801fcd09-2c6e-4dcc-ab47-3226a983ff26","ip":"::1","method":"GET","url":"/api/users/departments?cb=1761419796147"},"timestamp":"2025-10-25T19:16:36.156Z"}
{"level":"info","message":{"correlationId":"c41cae5e-2185-4080-8da2-55777111d07b","ip":"::1","method":"GET","url":"/api/users?skip=0&limit=30&sort_by=firstName&sort_order=asc"},"timestamp":"2025-10-25T19:16:36.157Z"}
{"level":"info","message":{"correlationId":"8e1e5c01-8415-4ee7-a083-bebce86d6525","ip":"::1","method":"GET","url":"/api/users/departments?cb=1761419796147"},"timestamp":"2025-10-25T19:16:36.160Z"}
{"level":"info","message":{"correlationId":"704a202b-d605-477b-8a65-550ba663166c","ip":"::1","method":"GET","url":"/api/users?skip=0&limit=30&sort_by=firstName&sort_order=asc"},"timestamp":"2025-10-25T19:16:36.165Z"}
{"level":"info","message":{"correlationId":"e2f9a8a4-3d4f-4a29-9449-ce84d23eb0cc","ip":"::ffff:127.0.0.1","method":"GET","url":"/api/users/deleted?limit=100"},"timestamp":"2025-10-25T19:16:40.012Z"}
{"level":"info","message":{"correlationId":"c81d68d3-6690-4f03-89b9-f1f047de71ef","ip":"::ffff:127.0.0.1","method":"DELETE","url":"/api/users/324/permanent"},"timestamp":"2025-10-25T19:16:43.276Z"}
{"level":"info","message":{"correlationId":"4f0a75ca-17d3-4473-aecb-e73aa2cca72e","ip":"::ffff:127.0.0.1","method":"GET","url":"/api/users/deleted?limit=100"},"timestamp":"2025-10-25T19:16:43.289Z"}
{"level":"info","message":{"correlationId":"d4c04f6d-edb6-406f-a51e-33ccb994fa78","ip":"::1","method":"GET","url":"/api/users?skip=0&limit=30&sort_by=firstName&sort_order=asc"},"timestamp":"2025-10-25T19:16:43.291Z"}
{"level":"info","message":{"correlationId":"d143905d-8f9a-4e29-acbc-6e3242675c07","ip":"::1","method":"GET","url":"/api/users/departments?cb=1761419803285"},"timestamp":"2025-10-25T19:16:43.293Z"}
{"level":"info","message":{"correlationId":"2e539557-c054-4449-b779-a396e1f0c01f","ip":"::1","method":"GET","url":"/api/users?skip=0&limit=30&sort_by=firstName&sort_order=asc"},"timestamp":"2025-10-25T19:16:48.110Z"}
{"level":"info","message":{"correlationId":"84ffa70e-5a08-43b6-b077-df1ea862c284","ip":"::1","method":"GET","url":"/api/users/departments?cb=1761419808097"},"timestamp":"2025-10-25T19:16:48.111Z"}
{"level":"info","message":{"correlationId":"e08edf5d-7d75-41b7-89a5-322265212715","ip":"::1","method":"GET","url":"/api/users?skip=0&limit=30&sort_by=firstName&sort_order=asc"},"timestamp":"2025-10-25T19:16:48.115Z"}
{"level":"info","message":{"correlationId":"fad5eef7-fb1e-46e2-906c-5db013b943af","ip":"::1","method":"GET","url":"/api/users/departments?cb=1761419808097"},"timestamp":"2025-10-25T19:16:48.117Z"}
{"level":"info","message":{"correlationId":"b41b55a1-bd77-4f83-b1a4-b86d4e7f1f38","ip":"::1","method":"DELETE","url":"/api/users/301"},"timestamp":"2025-10-25T19:16:52.588Z"}
{"level":"info","message":{"correlationId":"ff474313-ec4e-426d-92bc-c17626517d9d","ip":"::ffff:127.0.0.1","method":"GET","url":"/api/users/deleted?limit=100"},"timestamp":"2025-10-25T19:16:54.616Z"}
{"level":"info","message":{"correlationId":"038adaad-1897-4bac-bbec-6efa7db97e1d","ip":"::ffff:127.0.0.1","method":"PUT","url":"/api/users/301/restore"},"timestamp":"2025-10-25T19:16:57.322Z"}
{"level":"info","message":{"correlationId":"7aaf4ce1-2a4c-477b-b6d9-934c3e516823","ip":"::1","method":"POST","url":"/auth/login"},"timestamp":"2025-10-25T19:17:01.868Z"}
{"level":"info","message":{"correlationId":"9bb29d50-8129-4a05-8701-1f385e238735","ip":"::1","method":"GET","url":"/api/users?skip=0&limit=30&sort_by=firstName&sort_order=asc"},"timestamp":"2025-10-25T19:17:02.048Z"}
{"level":"info","message":{"correlationId":"6cfc0dc4-d1cd-4706-b60b-81b6b3e620ab","ip":"::1","method":"GET","url":"/api/users/departments?cb=1761419822041"},"timestamp":"2025-10-25T19:17:02.051Z"}
{"level":"info","message":{"correlationId":"612d2083-3838-4061-9bd6-7cb7f818695e","ip":"::1","method":"GET","url":"/api/users?skip=0&limit=30&sort_by=firstName&sort_order=asc"},"timestamp":"2025-10-25T19:17:02.054Z"}
{"level":"info","message":{"correlationId":"f0ac0f3a-f558-4323-8d9d-5ef46c9418d3","ip":"::1","method":"GET","url":"/api/users/departments?cb=1761419822041"},"timestamp":"2025-10-25T19:17:02.056Z"}
{"level":"info","message":{"correlationId":"00425fef-ec3a-46f8-941c-f5960bd935e9","ip":"::ffff:127.0.0.1","method":"GET","url":"/api/users/deleted?limit=100"},"timestamp":"2025-10-25T19:17:05.960Z"}
{"level":"info","message":{"correlationId":"7e6ada78-37e7-4408-8606-4abf22771076","ip":"::ffff:127.0.0.1","method":"DELETE","url":"/api/users/301/permanent"},"timestamp":"2025-10-25T19:17:09.218Z"}
{"level":"info","message":{"correlationId":"609cfb04-4f4f-4ee6-842a-f4aff6ac9adf","ip":"::ffff:127.0.0.1","method":"GET","url":"/api/users/deleted?limit=100"},"timestamp":"2025-10-25T19:17:09.226Z"}
{"level":"info","message":{"correlationId":"c555b6cd-ec3f-493d-8b68-e7bcadc97845","ip":"::1","method":"GET","url":"/api/users?skip=0&limit=30&sort_by=firstName&sort_order=asc"},"timestamp":"2025-10-25T19:17:09.227Z"}
{"level":"info","message":{"correlationId":"a5012118-1d78-4da5-8e1b-1f956ced3170","ip":"::1","method":"GET","url":"/api/users/departments?cb=1761419829224"},"timestamp":"2025-10-25T19:17:09.229Z"}
{"level":"info","message":{"correlationId":"72d18d3c-41cd-4a0f-adb9-75e56685871e","ip":"::1","method":"GET","url":"/api/users?skip=0&limit=30&sort_by=firstName&sort_order=asc"},"timestamp":"2025-10-25T19:17:11.919Z"}
{"level":"info","message":{"correlationId":"b8ab33d2-7cd8-4540-9450-6d8feb4503c9","ip":"::1","method":"GET","url":"/api/users/departments?cb=1761419831913"},"timestamp":"2025-10-25T19:17:11.920Z"}
{"level":"info","message":{"correlationId":"8aaf89eb-2af8-4202-9589-2ba374b8a46e","ip":"::1","method":"GET","url":"/api/users?skip=0&limit=30&sort_by=firstName&sort_order=asc"},"timestamp":"2025-10-25T19:17:11.923Z"}
{"level":"info","message":{"correlationId":"54a6e88d-59e1-4a74-bcaa-3a83497e0aa2","ip":"::1","method":"GET","url":"/api/users/departments?cb=1761419831913"},"timestamp":"2025-10-25T19:17:11.925Z"}
{"level":"info","message":{"correlationId":"aad1cb2b-ac49-420f-aacc-66b8180543ab","ip":"::1","method":"GET","url":"/api/users?skip=0&limit=30&sort_by=firstName&sort_order=asc"},"timestamp":"2025-10-25T19:18:08.110Z"}
{"level":"info","message":{"correlationId":"65f05757-a4b5-47cb-a217-fbafefd0f163","ip":"::1","method":"GET","url":"/api/users/departments?cb=1761419888089"},"timestamp":"2025-10-25T19:18:08.128Z"}
{"level":"info","message":{"correlationId":"e8e34801-a1eb-488b-91ed-639e3dea412c","ip":"::1","method":"GET","url":"/api/users/departments?cb=1761419888090"},"timestamp":"2025-10-25T19:18:08.132Z"}
{"level":"info","message":{"correlationId":"a356179d-5315-4c83-a73f-31945e51d150","ip":"::1","method":"GET","url":"/api/users?skip=0&limit=30&sort_by=firstName&sort_order=asc"},"timestamp":"2025-10-25T19:18:08.136Z"}
{"level":"info","message":{"correlationId":"2886f9f3-9274-4dad-a178-3f1168e02f31","ip":"::1","method":"GET","url":"/api/users?skip=0&limit=30&sort_by=firstName&sort_order=asc"},"timestamp":"2025-10-25T19:19:00.239Z"}
{"level":"info","message":{"correlationId":"1be1c8b5-6de9-4549-992e-53bc1cb27ed2","ip":"::1","method":"GET","url":"/api/users/departments?cb=1761419940218"},"timestamp":"2025-10-25T19:19:00.259Z"}
{"level":"info","message":{"correlationId":"43669557-77bc-41a8-8778-cb724e1337c2","ip":"::1","method":"GET","url":"/api/users/departments?cb=1761419940219"},"timestamp":"2025-10-25T19:19:00.265Z"}
{"level":"info","message":{"correlationId":"eda91836-3b18-444c-9480-acfe47366232","ip":"::1","method":"GET","url":"/api/users?skip=0&limit=30&sort_by=firstName&sort_order=asc"},"timestamp":"2025-10-25T19:19:00.268Z"}
{"level":"info","message":{"correlationId":"5022a82d-07af-4e1a-bfe4-06ab7066b250","ip":"::1","method":"POST","url":"/auth/login"},"timestamp":"2025-10-25T19:19:03.822Z"}
{"level":"info","message":{"correlationId":"73497fd4-3aab-4e37-a60e-210ff3009f0b","ip":"::1","method":"GET","url":"/api/users?skip=0&limit=30&sort_by=firstName&sort_order=asc"},"timestamp":"2025-10-25T19:19:04.176Z"}
{"level":"info","message":{"correlationId":"491299ba-c040-40f3-9bd2-50056e501d2b","ip":"::1","method":"GET","url":"/api/users/departments?cb=1761419944170"},"timestamp":"2025-10-25T19:19:04.182Z"}
{"level":"info","message":{"correlationId":"e24387e9-0a1d-4e3f-964a-a66017630f85","ip":"::1","method":"GET","url":"/api/users?skip=0&limit=30&sort_by=firstName&sort_order=asc"},"timestamp":"2025-10-25T19:19:04.185Z"}
{"level":"info","message":{"correlationId":"1c3962b2-ab5f-44b8-b64f-e3872d82096c","ip":"::1","method":"GET","url":"/api/users/departments?cb=1761419944171"},"timestamp":"2025-10-25T19:19:04.188Z"}
{"level":"info","message":{"correlationId":"f3e69567-a784-410e-979f-14644ee17d8c","ip":"::ffff:127.0.0.1","method":"GET","url":"/api/users/deleted?limit=100"},"timestamp":"2025-10-25T19:22:34.699Z"}
{"level":"info","message":{"correlationId":"742ee7f4-ffdf-4dbf-9c5d-8376303ba51f","ip":"::1","method":"GET","url":"/api/users?skip=0&limit=30&sort_by=firstName&sort_order=asc"},"timestamp":"2025-10-25T19:22:36.370Z"}
{"level":"info","message":{"correlationId":"8f226953-835d-4171-abb0-35f147e05c9f","ip":"::1","method":"GET","url":"/api/users/departments?cb=1761420156356"},"timestamp":"2025-10-25T19:22:36.374Z"}
{"level":"info","message":{"correlationId":"fefdf91a-01eb-4865-8032-703105609364","ip":"::1","method":"GET","url":"/api/users/departments?cb=1761420156358"},"timestamp":"2025-10-25T19:22:36.376Z"}
{"level":"info","message":{"correlationId":"7bbd7771-5a60-4259-95cc-44de38dec4c5","ip":"::1","method":"GET","url":"/api/users?skip=0&limit=30&sort_by=firstName&sort_order=asc"},"timestamp":"2025-10-25T19:22:36.379Z"}
{"level":"info","message":{"correlationId":"59e7b000-4d6f-4e6c-9b41-1f47df0cc1e5","ip":"::1","method":"GET","url":"/api/users?skip=0&limit=30&sort_by=firstName&sort_order=asc"},"timestamp":"2025-10-25T19:27:31.112Z"}
{"level":"info","message":{"correlationId":"533ec3f9-2a42-41ce-a794-c44f586936b3","ip":"::1","method":"GET","url":"/api/users/departments?cb=1761420451087"},"timestamp":"2025-10-25T19:27:31.135Z"}
{"level":"info","message":{"correlationId":"15ec02fa-4a79-41c6-bdb0-35410402819f","ip":"::1","method":"GET","url":"/api/users/departments?cb=1761420451089"},"timestamp":"2025-10-25T19:27:31.139Z"}
{"level":"info","message":{"correlationId":"fc3e1ff7-ed1a-4e6d-a3c0-7b00caf4381d","ip":"::1","method":"GET","url":"/api/users?skip=0&limit=30&sort_by=firstName&sort_order=asc"},"timestamp":"2025-10-25T19:27:31.154Z"}
{"level":"info","message":{"correlationId":"0576aa41-2b6f-40e5-ad60-c5d390063052","ip":"::1","method":"POST","url":"/auth/login"},"timestamp":"2025-10-25T19:27:34.391Z"}
{"level":"info","message":{"correlationId":"38df98b6-a1d5-4945-8c5c-ff9298f861b3","ip":"::1","method":"GET","url":"/api/users?skip=0&limit=30&sort_by=firstName&sort_order=asc"},"timestamp":"2025-10-25T19:27:34.769Z"}
{"level":"info","message":{"correlationId":"1a2a431b-b062-465c-be24-303592362dbd","ip":"::1","method":"GET","url":"/api/users/departments?cb=1761420454755"},"timestamp":"2025-10-25T19:27:34.772Z"}
{"level":"info","message":{"correlationId":"bdf023aa-c776-488a-b42a-01ce74bf5225","ip":"::1","method":"GET","url":"/api/users/departments?cb=1761420454756"},"timestamp":"2025-10-25T19:27:34.776Z"}
{"level":"info","message":{"correlationId":"fd1651bf-5b20-452f-8a42-03bf321c06a5","ip":"::1","method":"GET","url":"/api/users?skip=0&limit=30&sort_by=firstName&sort_order=asc"},"timestamp":"2025-10-25T19:27:34.779Z"}
{"level":"info","message":{"correlationId":"406f00ef-52e4-423d-98b9-6255f86887ee","ip":"::1","method":"POST","url":"/api/users/"},"timestamp":"2025-10-25T19:28:00.329Z"}
{"level":"info","message":{"correlationId":"54ab5c7a-26d5-46b2-9e57-9883f666e89e","ip":"::1","method":"GET","url":"/api/users/departments?cb=1761420480395"},"timestamp":"2025-10-25T19:28:00.399Z"}
{"level":"info","message":{"correlationId":"0594c045-00db-4836-bd91-1a661b829401","ip":"::1","method":"GET","url":"/api/users?skip=0&limit=30&sort_by=firstName&sort_order=asc"},"timestamp":"2025-10-25T19:31:01.045Z"}
{"level":"info","message":{"correlationId":"25ce94d6-200e-4709-99d3-925a16c27d40","ip":"::1","method":"GET","url":"/api/users/departments?cb=1761420661020"},"timestamp":"2025-10-25T19:31:01.069Z"}
{"level":"info","message":{"correlationId":"b0b11731-6a78-44bc-8989-f7129f09b5c4","ip":"::1","method":"GET","url":"/api/users/departments?cb=1761420661021"},"timestamp":"2025-10-25T19:31:01.072Z"}
{"level":"info","message":{"correlationId":"eebea1fc-455e-476c-b8c8-816515a58eb9","ip":"::1","method":"GET","url":"/api/users?skip=0&limit=30&sort_by=firstName&sort_order=asc"},"timestamp":"2025-10-25T19:31:01.107Z"}
{"level":"info","message":{"correlationId":"971518d8-04a7-4af9-87ab-9d37720708d5","ip":"::1","method":"DELETE","url":"/api/users/533"},"timestamp":"2025-10-25T19:31:06.134Z"}
{"level":"info","message":{"correlationId":"e4fd72cd-50e0-4dd0-84c4-99627bda96cd","ip":"::1","method":"DELETE","url":"/api/users/479"},"timestamp":"2025-10-25T19:31:10.068Z"}
{"level":"info","message":{"correlationId":"063e239b-3e4a-4d3b-9585-0cabde647952","ip":"::1","method":"DELETE","url":"/api/users/579"},"timestamp":"2025-10-25T19:31:14.479Z"}
{"level":"info","message":{"correlationId":"8e751de9-15c4-4e85-bb6c-9d3ebb7ad604","ip":"::ffff:127.0.0.1","method":"GET","url":"/api/users/deleted?limit=100"},"timestamp":"2025-10-25T19:31:16.400Z"}
{"level":"info","message":{"correlationId":"d975a437-095b-44c7-b3fb-14f2ea11362e","ip":"::ffff:127.0.0.1","method":"DELETE","url":"/api/users/479/permanent"},"timestamp":"2025-10-25T19:31:20.201Z"}
{"level":"info","message":{"correlationId":"3c4e393e-6b67-4c81-b983-9242df471b3a","ip":"::ffff:127.0.0.1","method":"GET","url":"/api/users/deleted?limit=100"},"timestamp":"2025-10-25T19:31:20.215Z"}
{"level":"info","message":{"correlationId":"2b70a15e-cddb-4583-a136-c46b7fd98e43","ip":"::1","method":"GET","url":"/api/users?skip=0&limit=30&sort_by=firstName&sort_order=asc"},"timestamp":"2025-10-25T19:31:20.219Z"}
{"level":"info","message":{"correlationId":"989df413-a414-4bb7-9c90-e8e1063c6bc0","ip":"::1","method":"GET","url":"/api/users/departments?cb=1761420680211"},"timestamp":"2025-10-25T19:31:20.221Z"}
{"level":"info","message":{"correlationId":"9a53d873-9d57-4a03-ad4e-7441989d81c3","ip":"::ffff:127.0.0.1","method":"DELETE","url":"/api/users/579/permanent"},"timestamp":"2025-10-25T19:31:22.529Z"}
{"level":"info","message":{"correlationId":"8af879dd-f617-4938-bc73-7a0d23e38d85","ip":"::ffff:127.0.0.1","method":"GET","url":"/api/users/deleted?limit=100"},"timestamp":"2025-10-25T19:31:22.541Z"}
{"level":"info","message":{"correlationId":"0d7e5dd0-2e85-4510-b0b3-c1e2a57ed1f7","ip":"::1","method":"GET","url":"/api/users?skip=0&limit=30&sort_by=firstName&sort_order=asc"},"timestamp":"2025-10-25T19:31:22.543Z"}
{"level":"info","message":{"correlationId":"eb6641d8-9798-4b17-b900-30be7dabff4a","ip":"::1","method":"GET","url":"/api/users/departments?cb=1761420682539"},"timestamp":"2025-10-25T19:31:22.545Z"}
{"level":"info","message":{"correlationId":"b8ff8f22-4f93-4f28-98a8-9e41ea1518c7","ip":"::1","method":"GET","url":"/api/users?skip=0&limit=30&sort_by=firstName&sort_order=asc"},"timestamp":"2025-10-25T19:34:32.554Z"}
{"level":"info","message":{"correlationId":"b04c1d6b-515f-410c-9038-7bcddda51d72","ip":"::1","method":"GET","url":"/api/users/departments?cb=1761420872535"},"timestamp":"2025-10-25T19:34:32.576Z"}
{"level":"info","message":{"correlationId":"dcbac78c-7ab1-4873-bcd6-699934688147","ip":"::1","method":"GET","url":"/api/users/departments?cb=1761420872538"},"timestamp":"2025-10-25T19:34:32.580Z"}
{"level":"info","message":{"correlationId":"361f29a7-4e44-495a-ab42-c1fd8c75f272","ip":"::1","method":"GET","url":"/api/users?skip=0&limit=30&sort_by=firstName&sort_order=asc"},"timestamp":"2025-10-25T19:34:32.619Z"}
{"level":"info","message":{"correlationId":"97d68143-a510-4419-baf6-59f852f79ead","ip":"::1","method":"GET","url":"/api/users?skip=0&limit=30&sort_by=firstName&sort_order=asc"},"timestamp":"2025-10-25T19:36:19.950Z"}
{"level":"info","message":{"correlationId":"0de87ef9-a59e-4b20-82c9-f83f816b9bfb","ip":"::1","method":"GET","url":"/api/users/departments?cb=1761420979933"},"timestamp":"2025-10-25T19:36:19.968Z"}
{"level":"info","message":{"correlationId":"0060be4f-8eb3-4c41-9ccc-e6f9916cd7f3","ip":"::1","method":"GET","url":"/api/users/departments?cb=1761420979935"},"timestamp":"2025-10-25T19:36:19.971Z"}
{"level":"info","message":{"correlationId":"7e6da81d-f4cb-4132-b4ba-dd22e3c850df","ip":"::1","method":"GET","url":"/api/users?skip=0&limit=30&sort_by=firstName&sort_order=asc"},"timestamp":"2025-10-25T19:36:20.011Z"}
{"level":"info","message":{"correlationId":"c28cc7fd-1c98-4548-ad5b-6d115e0cfa74","ip":"::1","method":"DELETE","url":"/api/users/771"},"timestamp":"2025-10-25T19:36:26.794Z"}
{"level":"info","message":{"correlationId":"9db95ccb-611d-4174-a96d-4000c7a1b725","ip":"::ffff:127.0.0.1","method":"GET","url":"/api/users/deleted?limit=100"},"timestamp":"2025-10-25T19:36:29.035Z"}
{"level":"info","message":{"correlationId":"773200c4-26c4-4cad-ae87-73f5da65b960","ip":"::ffff:127.0.0.1","method":"PUT","url":"/api/users/771/restore"},"timestamp":"2025-10-25T19:36:32.011Z"}
{"level":"info","message":{"correlationId":"eee37a5a-1b5f-4bb7-a617-0077e33833e6","ip":"::ffff:127.0.0.1","method":"DELETE","url":"/api/users/771/permanent"},"timestamp":"2025-10-25T19:36:36.397Z"}
{"level":"info","message":{"correlationId":"2031b582-9482-4e57-8226-1f128041bcaa","ip":"::ffff:127.0.0.1","method":"GET","url":"/api/users/deleted?limit=100"},"timestamp":"2025-10-25T19:36:36.418Z"}
{"level":"info","message":{"correlationId":"4c545237-6786-4c54-b283-67a9fa44b00a","ip":"::1","method":"GET","url":"/api/users?skip=0&limit=30&sort_by=firstName&sort_order=asc"},"timestamp":"2025-10-25T19:36:36.421Z"}
{"level":"info","message":{"correlationId":"045077ba-5da0-4465-97cb-36fb2f2cf329","ip":"::1","method":"GET","url":"/api/users/departments?cb=1761420996413"},"timestamp":"2025-10-25T19:36:36.423Z"}
{"level":"info","message":{"correlationId":"a704590b-2344-4ba8-8dfd-260afdf26d69","ip":"::1","method":"DELETE","url":"/api/users/611"},"timestamp":"2025-10-25T19:39:37.005Z"}
{"level":"info","message":{"correlationId":"ec64ac28-5c44-4148-9f51-7c98a057b098","ip":"::ffff:127.0.0.1","method":"GET","url":"/api/users/deleted?limit=100"},"timestamp":"2025-10-25T19:39:39.466Z"}
{"level":"info","message":{"correlationId":"1e514858-c53f-4b88-ae30-98ee84d7fa31","ip":"::ffff:127.0.0.1","method":"PUT","url":"/api/users/611/restore"},"timestamp":"2025-10-25T19:39:41.885Z"}
{"level":"info","message":{"correlationId":"ef5601b3-1fbf-463a-849b-36cbc032627c","ip":"::ffff:127.0.0.1","method":"POST","url":"/api/users/bulk-restore"},"timestamp":"2025-10-25T19:39:54.513Z"}
{"level":"info","message":{"correlationId":"451c0f3a-ae02-472d-9dd3-9b23ad828ec7","ip":"::ffff:127.0.0.1","method":"GET","url":"/api/users/deleted?limit=100"},"timestamp":"2025-10-25T19:39:54.527Z"}
{"level":"info","message":{"correlationId":"d263be45-2612-4dc8-af40-8250fc6e4263","ip":"::1","method":"GET","url":"/api/users?skip=0&limit=30&sort_by=firstName&sort_order=asc"},"timestamp":"2025-10-25T19:39:54.528Z"}
{"level":"info","message":{"correlationId":"33a40e13-09f2-4c36-a64c-f15f9950c4d5","ip":"::1","method":"GET","url":"/api/users/departments?cb=1761421194522"},"timestamp":"2025-10-25T19:39:54.529Z"}
{"level":"info","message":{"correlationId":"5c304e0e-f9c3-4b4d-9a1d-25936f39935c","ip":"::1","method":"DELETE","url":"/api/users/625"},"timestamp":"2025-10-25T19:43:16.379Z"}
{"level":"info","message":{"correlationId":"c14abac3-babd-4eac-8017-333ba4bac0c8","ip":"::ffff:127.0.0.1","method":"GET","url":"/api/users/deleted?limit=100"},"timestamp":"2025-10-25T19:43:17.973Z"}
{"level":"info","message":{"correlationId":"9ad80459-f27f-4d8b-b230-b6199d4b641d","ip":"::ffff:127.0.0.1","method":"PUT","url":"/api/users/625/restore"},"timestamp":"2025-10-25T19:43:20.038Z"}
{"level":"info","message":{"correlationId":"58ca4f5f-bd64-4571-a142-977c315a9b70","ip":"::ffff:127.0.0.1","method":"GET","url":"/api/users/deleted?limit=100"},"timestamp":"2025-10-25T19:43:20.054Z"}
{"level":"info","message":{"correlationId":"d066a4e9-7b20-4e80-8f1a-ffa8a3175dae","ip":"::1","method":"GET","url":"/api/users?skip=0&limit=30&sort_by=firstName&sort_order=asc"},"timestamp":"2025-10-25T19:43:20.057Z"}
{"level":"info","message":{"correlationId":"4e5c3b33-5734-45c1-a3ee-9710ad842fc6","ip":"::1","method":"GET","url":"/api/users/departments?cb=1761421400048"},"timestamp":"2025-10-25T19:43:20.059Z"}
{"level":"info","message":{"correlationId":"508c1676-7455-47a6-94ff-f9d4f4d3b350","ip":"::1","method":"GET","url":"/api/users/export"},"timestamp":"2025-10-25T19:43:46.033Z"}
{"level":"info","message":{"correlationId":"642ca9bb-9a9c-4664-86e4-87f2cbf1bf14","ip":"::1","method":"GET","url":"/api/users/export"},"timestamp":"2025-10-25T19:50:21.007Z"}
{"level":"info","message":{"correlationId":"b29501b5-e851-44d5-91f4-0c380413f423","ip":"::1","method":"GET","url":"/api/users/export"},"timestamp":"2025-10-25T19:52:04.867Z"}
{"level":"info","message":{"correlationId":"a442c923-8654-4d13-b1e9-a0a1fbad8de9","ip":"::ffff:127.0.0.1","method":"PUT","url":"/api/users/752"},"timestamp":"2025-10-25T19:52:48.587Z"}
{"level":"info","message":{"correlationId":"511a92ed-5cc8-49db-99fd-981bec966749","ip":"::1","method":"GET","url":"/api/users/departments?cb=1761421968625"},"timestamp":"2025-10-25T19:52:48.630Z"}
{"level":"info","message":{"correlationId":"99d4aa9a-03a7-4450-b618-ff376864de50","ip":"::ffff:127.0.0.1","method":"PUT","url":"/api/users/679"},"timestamp":"2025-10-25T19:53:06.334Z"}
{"level":"info","message":{"correlationId":"8febb577-f75f-434a-872f-8a7910d741ec","ip":"::1","method":"GET","url":"/api/users/departments?cb=1761421986350"},"timestamp":"2025-10-25T19:53:06.355Z"}
{"level":"info","message":{"correlationId":"dcbdf7b9-42d2-4a95-aa5f-ea1d9c3ba00f","ip":"::1","method":"GET","url":"/api/users/departments?cb=1761421990580"},"timestamp":"2025-10-25T19:53:10.612Z"}
{"level":"info","message":{"correlationId":"b2f3b937-0469-4017-b6b9-54294833b9f8","ip":"::1","method":"GET","url":"/api/users?skip=0&limit=30&sort_by=firstName&sort_order=asc"},"timestamp":"2025-10-25T19:53:10.621Z"}
{"level":"info","message":{"correlationId":"bea05afd-9ec0-4f05-a235-d7c8ac8722f8","ip":"::1","method":"GET","url":"/api/users/departments?cb=1761421990583"},"timestamp":"2025-10-25T19:53:10.624Z"}
{"level":"info","message":{"correlationId":"b85ef5b3-dd2f-435f-b3df-0b50b4961e0b","ip":"::1","method":"GET","url":"/api/users?skip=0&limit=30&sort_by=firstName&sort_order=asc"},"timestamp":"2025-10-25T19:53:10.641Z"}
{"level":"info","message":{"correlationId":"8767401d-e99e-4f03-a8ed-cca09b77958b","ip":"::ffff:127.0.0.1","method":"GET","url":"/api/users/deleted?limit=100"},"timestamp":"2025-10-25T19:53:16.059Z"}
{"level":"info","message":{"correlationId":"f4e1b27d-2dfa-4e14-b920-9099c36686bd","ip":"::1","method":"POST","url":"/auth/login"},"timestamp":"2025-10-26T16:31:59.338Z"}
{"level":"info","message":{"correlationId":"19f080d8-86e2-40c3-aaa9-b9c79179d5e7","ip":"::1","method":"GET","url":"/api/users?skip=0&limit=30&sort_by=firstName&sort_order=asc"},"timestamp":"2025-10-26T16:32:00.103Z"}
{"level":"info","message":{"correlationId":"db70bad6-a0bd-4578-821b-aa26dd7245e5","ip":"::1","method":"GET","url":"/api/users/departments?cb=1761496320100"},"timestamp":"2025-10-26T16:32:00.137Z"}
{"level":"info","message":{"correlationId":"7db58e8c-122a-4979-b191-f5fcf6955e01","ip":"::1","method":"GET","url":"/api/users/departments?cb=1761496320102"},"timestamp":"2025-10-26T16:32:00.145Z"}
{"level":"info","message":{"correlationId":"a11c7e63-07d9-4219-86e9-866b0f912783","ip":"::1","method":"GET","url":"/api/users?skip=0&limit=30&sort_by=firstName&sort_order=asc"},"timestamp":"2025-10-26T16:32:00.198Z"}
{"level":"info","message":{"correlationId":"2e04c40b-ef9a-4e9b-af89-2fae656bbc67","ip":"::1","method":"POST","url":"/api/users/"},"timestamp":"2025-10-26T16:32:14.757Z"}
{"level":"info","message":{"correlationId":"75e7d6c0-fc6c-4faf-babd-722b5a766a15","ip":"::1","method":"GET","url":"/api/users/departments?cb=1761496334844"},"timestamp":"2025-10-26T16:32:14.850Z"}
{"level":"info","message":{"correlationId":"7fb26daa-af9c-42f2-8aab-9c92cb40ce4a","ip":"::1","method":"POST","url":"/auth/login"},"timestamp":"2025-10-27T06:03:21.950Z"}
{"level":"info","message":{"correlationId":"3ebc3b5c-7dbd-48b3-b855-5bf39b4f2cff","ip":"::1","method":"POST","url":"/auth/login"},"timestamp":"2025-10-27T06:03:28.394Z"}
{"level":"info","message":{"correlationId":"1f1a948d-8f14-420c-baec-5bf02e282007","ip":"::1","method":"POST","url":"/auth/login"},"timestamp":"2025-10-27T06:03:55.201Z"}
{"level":"info","message":{"correlationId":"c1a4ede3-ad02-4dfb-a787-c6ce6132568d","ip":"::1","method":"POST","url":"/auth/login"},"timestamp":"2025-10-27T06:04:26.325Z"}
{"level":"info","message":{"correlationId":"79e6de10-29d9-482d-8acb-72ec24572cfc","ip":"::1","method":"GET","url":"/api/users?skip=0&limit=30&sort_by=firstName&sort_order=asc"},"timestamp":"2025-10-27T06:04:27.245Z"}
{"level":"info","message":{"correlationId":"57d01102-3b50-40f0-bf47-7fa8e2c64263","ip":"::1","method":"GET","url":"/api/users/departments?cb=1761545067234"},"timestamp":"2025-10-27T06:04:27.412Z"}
{"level":"info","message":{"correlationId":"f0cd42a9-d400-4038-95cc-532335221b9e","ip":"::1","method":"GET","url":"/api/users/departments?cb=1761545067236"},"timestamp":"2025-10-27T06:04:27.417Z"}
{"level":"info","message":{"correlationId":"d4e6654f-7123-4474-93b2-0367e946c1ea","ip":"::1","method":"GET","url":"/api/users?skip=0&limit=30&sort_by=firstName&sort_order=asc"},"timestamp":"2025-10-27T06:04:27.504Z"}
{"level":"info","message":{"correlationId":"e8b077e2-2b01-4e42-b8f6-5aed00bc645f","ip":"::ffff:127.0.0.1","method":"GET","url":"/api/users/deleted?limit=100"},"timestamp":"2025-10-27T06:04:51.025Z"}
{"level":"info","message":{"correlationId":"88ff7749-24df-49b1-90d0-44ba8b4d48e5","ip":"::1","method":"POST","url":"/api/users/bulk-delete"},"timestamp":"2025-10-27T06:05:00.143Z"}
{"level":"info","message":{"correlationId":"a1485bb6-d52a-4fad-9389-1d30368cbcec","ip":"::1","method":"GET","url":"/api/users?skip=0&limit=30&sort_by=firstName&sort_order=asc"},"timestamp":"2025-10-27T06:05:00.182Z"}
{"level":"info","message":{"correlationId":"81dad703-4ba2-4e06-b4ef-e5799eb9980d","ip":"::ffff:127.0.0.1","method":"GET","url":"/api/users/deleted?limit=100"},"timestamp":"2025-10-27T06:05:01.682Z"}
{"level":"info","message":{"correlationId":"a80d957f-0ad7-423c-a5d5-fe67b06df9f4","ip":"::1","method":"GET","url":"/api/users?skip=0&limit=30&sort_by=firstName&sort_order=asc&department=Human+Resources"},"timestamp":"2025-10-27T06:05:08.777Z"}
{"level":"info","message":{"correlationId":"381af1cc-4249-4a07-82fd-c3e1b559d5d5","ip":"::1","method":"GET","url":"/api/users?skip=0&limit=30&sort_by=firstName&sort_order=asc&department=errr"},"timestamp":"2025-10-27T06:05:12.574Z"}
{"level":"info","message":{"correlationId":"559ff12d-a798-40de-83ed-b31c7855350a","ip":"::1","method":"GET","url":"/api/users/export"},"timestamp":"2025-10-27T06:05:13.968Z"}
{"level":"info","message":{"correlationId":"db7e73c2-3b27-45c9-a85b-054fbcc3965d","ip":"::1","method":"GET","url":"/api/users?skip=0&limit=30&sort_by=firstName&sort_order=asc"},"timestamp":"2025-10-27T06:05:34.142Z"}
{"level":"info","message":{"correlationId":"79e2802a-ae51-4f2b-9bb7-fc709858f10d","ip":"::1","method":"GET","url":"/api/users/departments?cb=1761546524510"},"timestamp":"2025-10-27T06:28:44.574Z"}
{"level":"info","message":{"correlationId":"9ef307b4-78f2-4c4e-b436-42786f304d01","ip":"::1","method":"GET","url":"/api/users?skip=0&limit=30&sort_by=firstName&sort_order=asc"},"timestamp":"2025-10-27T06:28:44.628Z"}
{"level":"info","message":{"correlationId":"9caf319f-3428-42ca-8099-cb3b44f91726","ip":"::1","method":"GET","url":"/api/users/departments?cb=1761546524512"},"timestamp":"2025-10-27T06:28:44.636Z"}
{"level":"info","message":{"correlationId":"f2703633-f721-4585-aa02-2073b17bd289","ip":"::1","method":"GET","url":"/api/users?skip=0&limit=30&sort_by=firstName&sort_order=asc"},"timestamp":"2025-10-27T06:28:44.781Z"}
{"level":"info","message":{"correlationId":"60521b04-dc5a-4751-9d9f-bc3a73203287","ip":"::1","method":"POST","url":"/auth/login"},"timestamp":"2025-10-27T06:28:47.356Z"}
{"level":"info","message":{"correlationId":"f1281e0e-5836-4a5c-9541-f735e563bc38","ip":"::1","method":"GET","url":"/api/users?skip=0&limit=30&sort_by=firstName&sort_order=asc"},"timestamp":"2025-10-27T06:28:47.713Z"}
{"level":"info","message":{"correlationId":"0512d7c1-b334-47de-8021-ca6071ece8f4","ip":"::1","method":"GET","url":"/api/users/departments?cb=1761546527709"},"timestamp":"2025-10-27T06:28:47.719Z"}
{"level":"info","message":{"correlationId":"3eea4e7d-372c-4b16-9934-f82101190274","ip":"::1","method":"GET","url":"/api/users/departments?cb=1761546527710"},"timestamp":"2025-10-27T06:28:47.725Z"}
{"level":"info","message":{"correlationId":"6b9d8aa1-4b8f-47c5-bebb-c8bf0b539c05","ip":"::1","method":"GET","url":"/api/users?skip=0&limit=30&sort_by=firstName&sort_order=asc"},"timestamp":"2025-10-27T06:28:47.732Z"}
{"level":"info","message":{"correlationId":"a35a72f5-7d5f-48bc-8211-62d493fa5240","ip":"::1","method":"GET","url":"/api/users?skip=0&limit=30&sort_by=firstName&sort_order=asc&department=Business+Development"},"timestamp":"2025-10-27T06:28:52.191Z"}
{"level":"info","message":{"correlationId":"9ed06795-ed48-43f9-82fd-5ff4d7ed54cc","ip":"::1","method":"GET","url":"/api/users/export"},"timestamp":"2025-10-27T06:28:53.890Z"}
{"level":"info","message":{"correlationId":"d2e602b9-05aa-4381-a07a-2f29bbbac731","ip":"::1","method":"GET","url":"/api/users?skip=0&limit=30&sort_by=firstName&sort_order=asc"},"timestamp":"2025-10-27T06:31:22.180Z"}
{"level":"info","message":{"correlationId":"a1efe0a5-3610-4507-b966-33c93c4dfdd2","ip":"::ffff:127.0.0.1","method":"GET","url":"/api/users/deleted?limit=100"},"timestamp":"2025-10-27T06:31:25.422Z"}
{"level":"info","message":{"correlationId":"1123100b-17ef-4c2f-b9f6-70b1272d7e36","ip":"::1","method":"POST","url":"/api/users/bulk-delete"},"timestamp":"2025-10-27T06:31:29.699Z"}
{"level":"info","message":{"correlationId":"8a2248f2-578a-4416-88ce-39522a4f460b","ip":"::1","method":"GET","url":"/api/users?skip=0&limit=30&sort_by=firstName&sort_order=asc"},"timestamp":"2025-10-27T06:31:29.737Z"}
{"level":"info","message":{"correlationId":"a7c1fc16-b82c-4f17-90e2-27257acd263a","ip":"::1","method":"GET","url":"/api/users/export?sort_by=firstName&sort_order=asc"},"timestamp":"2025-10-27T06:31:31.889Z"}
{"level":"info","message":{"correlationId":"7469d939-71b2-4e6f-b74e-dc44e3bb312d","ip":"::1","method":"GET","url":"/api/users?skip=0&limit=30&sort_by=firstName&sort_order=asc&department=errr"},"timestamp":"2025-10-27T06:32:06.207Z"}
{"level":"info","message":{"correlationId":"d29be08a-0795-4e69-bcc0-d4bb25ee3413","ip":"::1","method":"GET","url":"/api/users/export?department=errr&sort_by=firstName&sort_order=asc"},"timestamp":"2025-10-27T06:32:07.465Z"}
{"level":"info","message":{"correlationId":"f5adc71d-f2ed-4f69-9795-2924aafee709","ip":"::1","method":"GET","url":"/api/users?skip=0&limit=30&sort_by=firstName&sort_order=asc"},"timestamp":"2025-10-27T06:36:28.980Z"}
{"level":"info","message":{"correlationId":"98c48299-edbe-4313-8c33-3eb0f63b6a51","ip":"::1","method":"GET","url":"/api/users/departments?cb=1761546988960"},"timestamp":"2025-10-27T06:36:29.040Z"}
{"level":"info","message":{"correlationId":"f7f97a54-af05-4ebe-9c34-cc436faecde4","ip":"::1","method":"GET","url":"/api/users/departments?cb=1761546988962"},"timestamp":"2025-10-27T06:36:29.046Z"}
{"level":"info","message":{"correlationId":"905942d4-b1d2-4b21-b18f-b930f462cd7c","ip":"::1","method":"GET","url":"/api/users?skip=0&limit=30&sort_by=firstName&sort_order=asc"},"timestamp":"2025-10-27T06:36:29.148Z"}
{"level":"info","message":{"correlationId":"6b5f181b-2065-4a69-8b5b-b31c15029ecd","ip":"::1","method":"GET","url":"/api/users?skip=0&limit=30&sort_by=firstName&sort_order=asc&department=Business+Development"},"timestamp":"2025-10-27T06:36:32.543Z"}
{"level":"info","message":{"correlationId":"a8ed99d4-a442-4079-ae1f-5d3b90bb463a","ip":"::1","method":"GET","url":"/api/users/export?department=Business+Development&skip=0&limit=30&sort_by=firstName&sort_order=asc"},"timestamp":"2025-10-27T06:36:33.399Z"}
{"level":"info","message":{"correlationId":"9332e841-b278-4070-9586-82c2132d578f","ip":"::1","method":"GET","url":"/api/users?skip=0&limit=30&sort_by=firstName&sort_order=asc"},"timestamp":"2025-10-27T06:36:42.957Z"}
{"level":"info","message":{"correlationId":"b023561d-d614-41d4-ae5d-47b1282fe069","ip":"::1","method":"GET","url":"/api/users?skip=0&limit=30&sort_by=firstName&sort_order=asc"},"timestamp":"2025-10-28T05:21:37.966Z"}
{"level":"info","message":{"correlationId":"09f9cd40-eddf-4f60-bff2-e32d5423f86b","ip":"::1","method":"GET","url":"/api/users/departments?cb=1761628897945"},"timestamp":"2025-10-28T05:21:37.995Z"}
{"level":"info","message":{"correlationId":"abab840d-3474-4e7e-833e-0db0ee911f00","ip":"::1","method":"GET","url":"/api/users/departments?cb=1761628897947"},"timestamp":"2025-10-28T05:21:37.998Z"}
{"level":"info","message":{"correlationId":"c4fafe04-8e6b-42a1-9de0-576067136f62","ip":"::1","method":"GET","url":"/api/users?skip=0&limit=30&sort_by=firstName&sort_order=asc"},"timestamp":"2025-10-28T05:21:38.001Z"}
{"level":"info","message":{"correlationId":"dbc37ad4-9e32-43b2-bce3-4b4cca7e5955","ip":"::1","method":"GET","url":"/api/users?skip=0&limit=30&sort_by=firstName&sort_order=asc"},"timestamp":"2025-10-28T05:21:40.009Z"}
{"level":"info","message":{"correlationId":"4d9cfc98-c4af-4f2c-81ef-0bcdffa7f47e","ip":"::1","method":"GET","url":"/api/users/departments?cb=1761628899999"},"timestamp":"2025-10-28T05:21:40.012Z"}
{"level":"info","message":{"correlationId":"4cee4630-222c-4734-8975-5a696489b9a3","ip":"::1","method":"GET","url":"/api/users/departments?cb=1761628900001"},"timestamp":"2025-10-28T05:21:40.015Z"}
{"level":"info","message":{"correlationId":"5f793919-fe57-4cd7-89c4-ba1d77bc4ce0","ip":"::1","method":"GET","url":"/api/users?skip=0&limit=30&sort_by=firstName&sort_order=asc"},"timestamp":"2025-10-28T05:21:40.018Z"}
{"level":"info","message":{"correlationId":"ef8194c1-5d0a-4b7e-b41b-23fea6067973","ip":"::1","method":"GET","url":"/api/users?skip=0&limit=30&sort_by=firstName&sort_order=asc"},"timestamp":"2025-10-28T05:21:42.286Z"}
{"level":"info","message":{"correlationId":"935f5ce2-79fb-4c02-99b0-7dcb946737ee","ip":"::1","method":"GET","url":"/api/users/departments?cb=1761628902249"},"timestamp":"2025-10-28T05:21:42.290Z"}
{"level":"info","message":{"correlationId":"416a1845-53f8-4012-8d36-8c10ccd1aee9","ip":"::1","method":"GET","url":"/api/users?skip=0&limit=30&sort_by=firstName&sort_order=asc"},"timestamp":"2025-10-28T05:21:42.295Z"}
{"level":"info","message":{"correlationId":"932c8572-20e7-4339-b40c-6a2fb46d49a2","ip":"::1","method":"GET","url":"/api/users/departments?cb=1761628902250"},"timestamp":"2025-10-28T05:21:42.298Z"}
{"level":"info","message":{"correlationId":"5b66bf69-3d2a-4e46-b96e-73e2327b64ec","ip":"::1","method":"GET","url":"/api/users?skip=0&limit=30&sort_by=firstName&sort_order=asc"},"timestamp":"2025-10-28T05:24:29.958Z"}
{"level":"info","message":{"correlationId":"bb508a45-f240-47c7-841e-2093d8cb5ed5","ip":"::1","method":"GET","url":"/api/users/departments?cb=1761629069945"},"timestamp":"2025-10-28T05:24:29.962Z"}
{"level":"info","message":{"correlationId":"1629757c-c3c0-4c1d-8545-d831026619e5","ip":"::1","method":"GET","url":"/api/users/departments?cb=1761629069947"},"timestamp":"2025-10-28T05:24:29.964Z"}
{"level":"info","message":{"correlationId":"a1f692f3-2961-4d04-9c29-bd37ee444c46","ip":"::1","method":"GET","url":"/api/users?skip=0&limit=30&sort_by=firstName&sort_order=asc"},"timestamp":"2025-10-28T05:24:29.967Z"}
{"level":"info","message":{"correlationId":"c1b24dfd-5bc8-47e5-afb2-83035be0688e","ip":"::1","method":"POST","url":"/auth/login"},"timestamp":"2025-10-28T05:28:07.904Z"}
{"level":"info","message":{"correlationId":"12465b50-cd68-4ec8-acf6-ea41f02c8152","ip":"::1","method":"GET","url":"/api/users?skip=0&limit=30&sort_by=firstName&sort_order=asc"},"timestamp":"2025-10-28T05:28:08.447Z"}
{"level":"info","message":{"correlationId":"a915ccb2-e866-4a7f-9745-2f7cc6e8014f","ip":"::1","method":"GET","url":"/api/users/departments?cb=1761629288419"},"timestamp":"2025-10-28T05:28:08.463Z"}
{"level":"info","message":{"correlationId":"3d889929-fca5-4066-8793-df344ad3f3f6","ip":"::1","method":"GET","url":"/api/users/departments?cb=1761629288421"},"timestamp":"2025-10-28T05:28:08.465Z"}
{"level":"info","message":{"correlationId":"087f4366-7595-4b43-9841-e64d1e3e1ecb","ip":"::1","method":"GET","url":"/api/users?skip=0&limit=30&sort_by=firstName&sort_order=asc"},"timestamp":"2025-10-28T05:28:08.490Z"}
{"level":"info","message":{"correlationId":"b1c34615-1ec8-404b-b23f-b6a26f2bc453","ip":"::1","method":"GET","url":"/api/users?skip=0&limit=30&sort_by=firstName&sort_order=asc"},"timestamp":"2025-10-28T06:25:57.200Z"}
{"level":"info","message":{"correlationId":"69e551b5-e66f-41cf-b728-078ee71c54c9","ip":"::1","method":"GET","url":"/api/users/departments?cb=1761632756948"},"timestamp":"2025-10-28T06:25:57.236Z"}
{"level":"info","message":{"correlationId":"09478717-ba09-4767-b3e3-2e229bbbfb00","ip":"::1","method":"GET","url":"/api/users/departments?cb=1761632756951"},"timestamp":"2025-10-28T06:25:57.240Z"}
{"level":"info","message":{"correlationId":"cb256349-1488-445f-85ec-75f0765338ba","ip":"::1","method":"GET","url":"/api/users?skip=0&limit=30&sort_by=firstName&sort_order=asc"},"timestamp":"2025-10-28T06:26:17.249Z"}
{"level":"info","message":{"correlationId":"2749ed00-880c-4a6b-a637-8625e108ab60","ip":"::1","method":"POST","url":"/api/users/import/preview"},"timestamp":"2025-10-28T06:26:25.454Z"}
{"level":"info","message":{"correlationId":"0fdb5a18-524b-476c-8040-bc84b0d1143e","ip":"::1","method":"GET","url":"/api/users/export?skip=0&limit=30&sort_by=firstName&sort_order=asc"},"timestamp":"2025-10-28T06:26:33.353Z"}
{"level":"info","message":{"correlationId":"7bbe65d6-8565-4c23-be82-e81dc07f8875","ip":"::1","method":"GET","url":"/api/users/departments?cb=1761632843483"},"timestamp":"2025-10-28T06:27:23.635Z"}
{"level":"info","message":{"correlationId":"82d6be03-4dc7-49d9-84d3-d80d5b7aeb12","ip":"::1","method":"GET","url":"/api/users?skip=0&limit=30&sort_by=firstName&sort_order=asc"},"timestamp":"2025-10-28T06:27:23.645Z"}
{"level":"info","message":{"correlationId":"1bee6596-01c9-4f4c-a1e1-ee759b400495","ip":"::1","method":"GET","url":"/api/users/departments?cb=1761632843485"},"timestamp":"2025-10-28T06:27:23.649Z"}
{"level":"info","message":{"correlationId":"c51ef166-441e-4754-a472-adf1b333d8ff","ip":"::1","method":"GET","url":"/api/users?skip=0&limit=30&sort_by=firstName&sort_order=asc"},"timestamp":"2025-10-28T06:27:43.680Z"}
{"level":"info","message":{"correlationId":"fed9123f-2543-4dbe-ab2a-a8040f64bd67","ip":"::1","method":"GET","url":"/api/users/departments?cb=1761633109603"},"timestamp":"2025-10-28T06:31:49.886Z"}
{"level":"info","message":{"correlationId":"7d5cfa38-67de-408b-a47d-6147a1ccdf78","ip":"::1","method":"GET","url":"/api/users?skip=0&limit=30&sort_by=firstName&sort_order=asc"},"timestamp":"2025-10-28T06:31:49.906Z"}
{"level":"info","message":{"correlationId":"82eeede1-5b53-4669-90bf-46589641d4bc","ip":"::1","method":"GET","url":"/api/users/departments?cb=1761633109600"},"timestamp":"2025-10-28T06:31:49.907Z"}
{"level":"info","message":{"correlationId":"4183c12a-9204-430a-b2a7-9fa5ea763390","ip":"::1","method":"GET","url":"/api/users?skip=0&limit=30&sort_by=firstName&sort_order=asc"},"timestamp":"2025-10-28T06:32:09.688Z"}
{"level":"info","message":{"correlationId":"cd11f17d-8d38-4f8b-b6e0-c09d2b9b600e","ip":"::1","method":"GET","url":"/api/users?skip=0&limit=30&sort_by=firstName&sort_order=asc"},"timestamp":"2025-10-28T06:40:04.585Z"}
{"level":"info","message":{"correlationId":"bff361b3-f07c-4989-ac58-c6e08b2aa73a","ip":"::1","method":"GET","url":"/api/users/departments?cb=1761633604534"},"timestamp":"2025-10-28T06:40:04.589Z"}
{"level":"info","message":{"correlationId":"b4aec3b8-82e7-463e-8116-9b8687f0b666","ip":"::1","method":"GET","url":"/api/users/departments?cb=1761633604541"},"timestamp":"2025-10-28T06:40:04.590Z"}
{"level":"info","message":{"correlationId":"36823fa8-0705-4ba1-af42-88f183c2e367","ip":"::1","method":"POST","url":"/auth/login"},"timestamp":"2025-10-28T06:59:24.005Z"}
{"level":"info","message":{"correlationId":"431251c1-d147-4e06-b93a-a24b6989556b","ip":"::1","method":"GET","url":"/auth/login"},"timestamp":"2025-10-28T07:00:16.001Z"}
{"level":"info","message":{"correlationId":"2a79d2f9-2c15-4539-86b1-672fad0d1b68","ip":"::1","method":"POST","url":"/auth/login"},"timestamp":"2025-10-28T07:17:45.686Z"}
{"level":"info","message":{"correlationId":"62b909ce-bd2b-4282-b8a8-d873fad53678","ip":"::1","method":"GET","url":"/api/users?skip=0&limit=30&sort_by=firstName&sort_order=asc"},"timestamp":"2025-10-28T07:17:46.414Z"}
{"level":"info","message":{"correlationId":"1fc54298-950f-46db-b6c2-a729d343a1b5","ip":"::1","method":"GET","url":"/api/users/departments?cb=1761635866403"},"timestamp":"2025-10-28T07:17:46.428Z"}
{"level":"info","message":{"correlationId":"4a61d0f4-fe51-4360-9cc3-92ac391ceb8f","ip":"::1","method":"GET","url":"/api/users?skip=0&limit=30&sort_by=firstName&sort_order=asc"},"timestamp":"2025-10-28T07:17:46.434Z"}
{"level":"info","message":{"correlationId":"f36646c5-e812-4206-8d0b-19b29348555f","ip":"::1","method":"GET","url":"/api/users/departments?cb=1761635866406"},"timestamp":"2025-10-28T07:17:46.437Z"}
{"level":"info","message":{"correlationId":"808cac0a-ccbb-4646-8d28-afca06049247","ip":"::1","method":"GET","url":"/api/users/export?skip=0&limit=30&sort_by=firstName&sort_order=asc"},"timestamp":"2025-10-28T07:17:53.876Z"}
{"level":"info","message":{"correlationId":"951f56dc-a33a-4d52-87ed-06e7464239ad","ip":"::1","method":"POST","url":"/api/users/import/preview"},"timestamp":"2025-10-28T07:18:03.382Z"}
{"level":"info","message":{"correlationId":"15a28cec-3bd2-49f8-bddb-f730182659e6","ip":"::1","method":"POST","url":"/api/users/import/confirm"},"timestamp":"2025-10-28T07:18:04.540Z"}
{"level":"info","message":{"correlationId":"47c9f926-2bc5-4491-a8fd-9109ff447a4f","ip":"::1","method":"GET","url":"/api/users?skip=0&limit=30&sort_by=firstName&sort_order=asc"},"timestamp":"2025-10-28T07:18:04.574Z"}
{"level":"info","message":{"correlationId":"10c203a1-f2a9-4860-8711-5498e9cd0351","ip":"::1","method":"GET","url":"/api/users/departments?cb=1761635884594"},"timestamp":"2025-10-28T07:18:04.599Z"}
{"level":"info","message":{"correlationId":"5211d1c5-6461-40cf-a465-b2f019e66b2e","ip":"::1","method":"GET","url":"/api/users?skip=30&limit=30&sort_by=firstName&sort_order=asc"},"timestamp":"2025-10-28T07:18:09.265Z"}
{"level":"info","message":{"correlationId":"d8b0f5d9-93f6-421b-a029-318cc3463bf8","ip":"::1","method":"DELETE","url":"/api/users/922"},"timestamp":"2025-10-28T07:18:18.073Z"}
{"level":"info","message":{"correlationId":"1ee75d41-99ed-4584-a004-6a8d9fc24286","ip":"::1","method":"POST","url":"/api/users/bulk-delete"},"timestamp":"2025-10-28T07:18:25.461Z"}
{"level":"info","message":{"correlationId":"feee74d2-6ec0-42da-8b9d-c56730a9dde9","ip":"::1","method":"GET","url":"/api/users?skip=30&limit=30&sort_by=firstName&sort_order=asc"},"timestamp":"2025-10-28T07:18:25.476Z"}
{"level":"info","message":{"correlationId":"18c4c4f8-faf3-4d30-98f2-c7e97194c82e","ip":"::1","method":"GET","url":"/api/users?skip=0&limit=30&sort_by=firstName&sort_order=asc"},"timestamp":"2025-10-28T07:19:32.466Z"}
{"level":"info","message":{"correlationId":"52e63938-2807-4250-80aa-3e39315b76f8","ip":"::1","method":"GET","url":"/api/users/departments?cb=1761635972461"},"timestamp":"2025-10-28T07:19:32.466Z"}
{"level":"info","message":{"correlationId":"75718323-f3f7-40ae-a6c2-c858425864ac","ip":"::1","method":"GET","url":"/api/users/departments?cb=1761635972466"},"timestamp":"2025-10-28T07:19:32.473Z"}
{"level":"info","message":{"correlationId":"9a795263-978d-445e-9812-96251c9420ca","ip":"::1","method":"GET","url":"/api/users?skip=0&limit=30&sort_by=firstName&sort_order=asc"},"timestamp":"2025-10-28T07:19:32.478Z"}
{"level":"info","message":{"correlationId":"86892121-fb69-4465-aa35-6e749cd18e92","ip":"::1","method":"GET","url":"/api/users?skip=0&limit=30&sort_by=firstName&sort_order=asc"},"timestamp":"2025-10-28T07:19:33.151Z"}
{"level":"info","message":{"correlationId":"7a6e58a9-405c-4b0e-b664-2be173ad0efc","ip":"::1","method":"GET","url":"/api/users/departments?cb=1761635973145"},"timestamp":"2025-10-28T07:19:33.156Z"}
{"level":"info","message":{"correlationId":"9114dac1-66aa-4cfc-b9b7-1905242b8760","ip":"::1","method":"GET","url":"/api/users?skip=0&limit=30&sort_by=firstName&sort_order=asc"},"timestamp":"2025-10-28T07:19:33.160Z"}
{"level":"info","message":{"correlationId":"0d14c2ad-d815-44a4-a42a-db923b214fa3","ip":"::1","method":"GET","url":"/api/users/departments?cb=1761635973148"},"timestamp":"2025-10-28T07:19:33.164Z"}
{"level":"info","message":{"correlationId":"c828e670-5555-4989-bb24-18fc866c09b6","ip":"::1","method":"POST","url":"/auth/login"},"timestamp":"2025-10-28T07:19:43.790Z"}
{"level":"info","message":{"correlationId":"97c66d6c-6a58-40de-88df-489b57728d75","ip":"::1","method":"GET","url":"/api/users?skip=0&limit=30&sort_by=firstName&sort_order=asc"},"timestamp":"2025-10-28T07:19:44.084Z"}
{"level":"info","message":{"correlationId":"ca6a3083-b549-408a-972e-51fb3a0cc4d1","ip":"::1","method":"GET","url":"/api/users/departments?cb=1761635984073"},"timestamp":"2025-10-28T07:19:44.085Z"}
{"level":"info","message":{"correlationId":"71f25166-f355-4f92-a16c-141d8d2702c1","ip":"::1","method":"GET","url":"/api/users/departments?cb=1761635984074"},"timestamp":"2025-10-28T07:19:44.091Z"}
{"level":"info","message":{"correlationId":"3075eaa0-f47c-4bb5-a89a-e72a55389092","ip":"::1","method":"GET","url":"/api/users?skip=0&limit=30&sort_by=firstName&sort_order=asc"},"timestamp":"2025-10-28T07:19:44.094Z"}
{"level":"info","message":{"correlationId":"2dbbc244-d009-4abd-818e-8154e1c94e1a","ip":"::1","method":"GET","url":"/api/users?skip=0&limit=30&sort_by=firstName&sort_order=asc"},"timestamp":"2025-10-28T07:20:01.201Z"}
{"level":"info","message":{"correlationId":"f59f8970-a228-48dd-85e8-4f65d9e99bba","ip":"::1","method":"GET","url":"/api/users/departments?cb=1761636001187"},"timestamp":"2025-10-28T07:20:01.203Z"}
{"level":"info","message":{"correlationId":"f541251b-5b44-49bf-b07a-79472dfa01a3","ip":"::1","method":"GET","url":"/api/users/departments?cb=1761636001189"},"timestamp":"2025-10-28T07:20:01.205Z"}
{"level":"info","message":{"correlationId":"cc23dbf8-312e-4946-908c-169223eb7817","ip":"::1","method":"GET","url":"/api/users?skip=0&limit=30&sort_by=firstName&sort_order=asc"},"timestamp":"2025-10-28T07:20:01.212Z"}
{"level":"info","message":{"correlationId":"1d2a8536-b26c-4498-bf76-2d4a131dbe1a","ip":"::1","method":"GET","url":"/api/users?skip=30&limit=30&sort_by=firstName&sort_order=asc"},"timestamp":"2025-10-28T07:20:24.375Z"}
{"level":"info","message":{"correlationId":"457a2271-77fa-44da-9059-8d718d6859b7","ip":"::1","method":"POST","url":"/api/users/"},"timestamp":"2025-10-28T07:21:22.990Z"}
{"level":"info","message":{"correlationId":"1048be64-0228-4c64-9730-c71f53f0a744","ip":"::1","method":"GET","url":"/api/users/departments?cb=1761636083042"},"timestamp":"2025-10-28T07:21:23.048Z"}
{"level":"info","message":{"correlationId":"2c7c911d-be01-417c-abf2-e07775942775","ip":"::1","method":"GET","url":"/api/users?skip=0&limit=30&sort_by=firstName&sort_order=asc"},"timestamp":"2025-10-28T07:21:25.499Z"}
{"level":"info","message":{"correlationId":"564c9b74-1602-4b83-82ac-7195440899d0","ip":"::1","method":"GET","url":"/api/users/departments?cb=1761636085464"},"timestamp":"2025-10-28T07:21:25.532Z"}
{"level":"info","message":{"correlationId":"520b531b-6bb8-4c90-b109-c765a74b36bb","ip":"::1","method":"GET","url":"/api/users/departments?cb=1761636085467"},"timestamp":"2025-10-28T07:21:25.533Z"}
{"level":"info","message":{"correlationId":"d6d4da5f-d75f-468d-9ea9-e9628d053836","ip":"::1","method":"GET","url":"/api/users?skip=0&limit=30&sort_by=firstName&sort_order=asc"},"timestamp":"2025-10-28T07:21:25.545Z"}
{"level":"info","message":{"correlationId":"67d6a213-b86d-4af2-8547-39169bfbfd9a","ip":"::1","method":"GET","url":"/api/users?skip=0&limit=30&sort_by=firstName&sort_order=asc&search=y"},"timestamp":"2025-10-28T07:21:28.636Z"}
{"level":"info","message":{"correlationId":"2a170605-a53f-4077-8fb4-b559af98bba0","ip":"::1","method":"GET","url":"/api/users?skip=0&limit=30&sort_by=firstName&sort_order=asc&search=ya"},"timestamp":"2025-10-28T07:21:28.782Z"}
{"level":"info","message":{"correlationId":"02594b9c-aaab-4b9b-984a-20464ccaa008","ip":"::1","method":"GET","url":"/api/users?skip=0&limit=30&sort_by=firstName&sort_order=asc&search=yas"},"timestamp":"2025-10-28T07:21:28.928Z"}
{"level":"info","message":{"correlationId":"98670ae3-0efc-44de-b2ae-d3899eaa8e73","ip":"::1","method":"GET","url":"/api/users?skip=0&limit=30&sort_by=firstName&sort_order=asc&search=yash"},"timestamp":"2025-10-28T07:21:29.010Z"}
{"level":"info","message":{"correlationId":"21f8654f-93c9-4d99-8541-6b8916228670","ip":"::1","method":"GET","url":"/api/users?skip=0&limit=30&sort_by=firstName&sort_order=asc"},"timestamp":"2025-10-28T07:24:40.672Z"}
{"level":"info","message":{"correlationId":"9237a7fd-5eaa-497e-a8d6-7b545d611812","ip":"::1","method":"GET","url":"/api/users/departments?cb=1761636280664"},"timestamp":"2025-10-28T07:24:40.673Z"}
{"level":"info","message":{"correlationId":"d9da48f7-6b1b-4657-b8f0-d5c91110c108","ip":"::1","method":"GET","url":"/api/users/departments?cb=1761636280665"},"timestamp":"2025-10-28T07:24:40.676Z"}
{"level":"info","message":{"correlationId":"863ffdb9-70ab-4e6f-8723-52a4e1f5089c","ip":"::1","method":"GET","url":"/api/users?skip=0&limit=30&sort_by=firstName&sort_order=asc"},"timestamp":"2025-10-28T07:24:40.693Z"}
{"level":"info","message":{"correlationId":"b449d225-f7f0-4f1a-94d2-053f9dfd99c4","ip":"::1","method":"POST","url":"/api/users/"},"timestamp":"2025-10-28T07:24:52.378Z"}
{"level":"info","message":{"correlationId":"dd47d345-8cc2-4246-ba4c-dbb95873950e","ip":"::1","method":"POST","url":"/api/users/"},"timestamp":"2025-10-28T07:24:57.442Z"}
{"level":"info","message":{"correlationId":"1170c861-2733-4d81-a264-78f4387729bf","ip":"::1","method":"GET","url":"/api/users/departments?cb=1761636316964"},"timestamp":"2025-10-28T07:25:16.987Z"}
{"level":"info","message":{"correlationId":"d01dd94f-5a1e-4d2d-b40c-034916deda92","ip":"::1","method":"GET","url":"/api/users?skip=0&limit=30&sort_by=firstName&sort_order=asc"},"timestamp":"2025-10-28T07:25:16.989Z"}
{"level":"info","message":{"correlationId":"261cd33c-c383-4a75-a3b7-be6c617cf1bd","ip":"::1","method":"GET","url":"/api/users/departments?cb=1761636316963"},"timestamp":"2025-10-28T07:25:16.991Z"}
{"level":"info","message":{"correlationId":"dc668e9c-e585-4a11-bcf1-1cce06e53436","ip":"::1","method":"GET","url":"/api/users?skip=0&limit=30&sort_by=firstName&sort_order=asc"},"timestamp":"2025-10-28T07:25:17.061Z"}
{"level":"info","message":{"correlationId":"bf86ed81-0672-4798-ad36-34c330bf634b","ip":"::1","method":"POST","url":"/auth/login"},"timestamp":"2025-10-28T07:25:20.155Z"}
{"level":"info","message":{"correlationId":"60b86b39-bd69-4925-85ce-dae91558d104","ip":"::1","method":"GET","url":"/api/users/departments?cb=1761636323135"},"timestamp":"2025-10-28T07:25:23.252Z"}
{"level":"info","message":{"correlationId":"462d745a-1189-4330-8148-7b2b750a7c3d","ip":"::1","method":"GET","url":"/api/users?skip=0&limit=30&sort_by=firstName&sort_order=asc"},"timestamp":"2025-10-28T07:25:23.265Z"}
{"level":"info","message":{"correlationId":"a30cbde8-77c0-43ec-8c8b-06aaa330da64","ip":"::1","method":"GET","url":"/api/users/departments?cb=1761636323134"},"timestamp":"2025-10-28T07:25:23.271Z"}
{"level":"info","message":{"correlationId":"3ec061ea-fff3-4f0c-a364-c4832c8fb3be","ip":"::1","method":"GET","url":"/api/users?skip=0&limit=30&sort_by=firstName&sort_order=asc"},"timestamp":"2025-10-28T07:25:23.301Z"}
{"level":"info","message":{"correlationId":"a266230f-f0f2-44e9-9b7f-8a47ec172481","ip":"::1","method":"GET","url":"/api/users?skip=0&limit=30&sort_by=firstName&sort_order=asc&search=y"},"timestamp":"2025-10-28T07:25:26.012Z"}
{"level":"info","message":{"correlationId":"41eb9368-94b4-4b1b-9496-d1f7a0a07c47","ip":"::1","method":"GET","url":"/api/users?skip=0&limit=30&sort_by=firstName&sort_order=asc&search=ya"},"timestamp":"2025-10-28T07:25:26.089Z"}
{"level":"info","message":{"correlationId":"fff86c85-0f6d-4fbf-b49b-2bd27543e642","ip":"::1","method":"GET","url":"/api/users?skip=0&limit=30&sort_by=firstName&sort_order=asc&search=yash"},"timestamp":"2025-10-28T07:25:26.372Z"}
{"level":"info","message":{"correlationId":"8a566972-4e9a-425e-9383-3e22bf187608","ip":"::1","method":"GET","url":"/api/users?skip=0&limit=30&sort_by=firstName&sort_order=asc&search=yas"},"timestamp":"2025-10-28T07:25:26.385Z"}
{"level":"info","message":{"correlationId":"dd449d3a-bfda-4c07-8d51-c1b7995dcada","ip":"::1","method":"GET","url":"/api/users?skip=0&limit=30&sort_by=firstName&sort_order=asc"},"timestamp":"2025-10-28T07:25:28.088Z"}
{"level":"info","message":{"correlationId":"d8217c36-cbd5-4100-938b-60d046139952","ip":"::1","method":"GET","url":"/api/users?skip=0&limit=30&sort_by=firstName&sort_order=asc"},"timestamp":"2025-10-28T07:26:00.707Z"}
{"level":"info","message":{"correlationId":"826dca2b-4dab-4bbc-89af-27359f920634","ip":"::1","method":"GET","url":"/api/users/departments?cb=1761636360654"},"timestamp":"2025-10-28T07:26:00.720Z"}
{"level":"info","message":{"correlationId":"1a92bce2-f490-4478-b4f0-49bbe0afcdda","ip":"::1","method":"GET","url":"/api/users/departments?cb=1761636360655"},"timestamp":"2025-10-28T07:26:00.723Z"}
{"level":"info","message":{"correlationId":"70f830a0-bf46-44bb-896d-5a8aa9a1e99a","ip":"::1","method":"GET","url":"/api/users?skip=0&limit=30&sort_by=firstName&sort_order=asc"},"timestamp":"2025-10-28T07:26:00.869Z"}
{"level":"info","message":{"correlationId":"12a1464f-b930-4b70-b227-43651e7a4b87","ip":"::1","method":"POST","url":"/auth/login"},"timestamp":"2025-10-28T07:26:04.767Z"}
{"level":"info","message":{"correlationId":"23d9d99f-4140-4f27-a2a6-6b5c16a6330f","ip":"::1","method":"POST","url":"/auth/login"},"timestamp":"2025-10-28T07:26:10.024Z"}
{"level":"info","message":{"correlationId":"cdf35b78-4198-4a74-a042-10f027c2f972","ip":"::1","method":"GET","url":"/api/users?skip=0&limit=30&sort_by=firstName&sort_order=asc"},"timestamp":"2025-10-28T07:26:12.631Z"}
{"level":"info","message":{"correlationId":"a691def4-f728-4eee-8d3e-07df6e251267","ip":"::1","method":"GET","url":"/api/users/departments?cb=1761636372623"},"timestamp":"2025-10-28T07:26:12.637Z"}
{"level":"info","message":{"correlationId":"514e0f76-5332-496f-8395-70e88a332617","ip":"::1","method":"GET","url":"/api/users/departments?cb=1761636372626"},"timestamp":"2025-10-28T07:26:12.639Z"}
{"level":"info","message":{"correlationId":"ee6e9fe2-f026-4f5b-85fd-c0f9a6bfe496","ip":"::1","method":"GET","url":"/api/users?skip=0&limit=30&sort_by=firstName&sort_order=asc"},"timestamp":"2025-10-28T07:26:12.660Z"}
{"level":"info","message":{"correlationId":"2f295d8e-ce86-4493-9f81-fcdab0fca1c2","ip":"::1","method":"GET","url":"/api/users/departments?cb=1761636373677"},"timestamp":"2025-10-28T07:26:13.761Z"}
{"level":"info","message":{"correlationId":"751a39bb-5072-41c5-9009-72b5842813ce","ip":"::1","method":"GET","url":"/api/users?skip=0&limit=30&sort_by=firstName&sort_order=asc"},"timestamp":"2025-10-28T07:26:13.767Z"}
{"level":"info","message":{"correlationId":"8aade468-b00f-44e3-8ff9-6a310acda345","ip":"::1","method":"GET","url":"/api/users/departments?cb=1761636373678"},"timestamp":"2025-10-28T07:26:13.780Z"}
{"level":"info","message":{"correlationId":"5ac0ca5d-26a8-4499-aec9-d3fbba802740","ip":"::1","method":"GET","url":"/api/users?skip=0&limit=30&sort_by=firstName&sort_order=asc"},"timestamp":"2025-10-28T07:26:13.818Z"}
{"level":"info","message":{"correlationId":"a68ddbe2-c26d-462b-9e88-fc9d0262a649","ip":"::1","method":"POST","url":"/auth/login"},"timestamp":"2025-10-28T07:26:16.843Z"}
{"level":"info","message":{"correlationId":"e5ea1e0e-fdd7-48f0-81fe-f3919393fb93","ip":"::1","method":"POST","url":"/auth/login"},"timestamp":"2025-10-28T07:26:35.963Z"}
{"level":"info","message":{"correlationId":"bbe34813-c1dc-4d7c-9971-44af6f616463","ip":"::1","method":"POST","url":"/auth/login"},"timestamp":"2025-10-28T07:27:46.383Z"}
{"level":"info","message":{"correlationId":"a908b664-193b-4c90-94fe-47b6c72860d9","ip":"::1","method":"POST","url":"/auth/login"},"timestamp":"2025-10-28T07:27:47.498Z"}
{"level":"info","message":{"correlationId":"99917bfd-63fc-4b63-b448-766fc18d3825","ip":"::1","method":"POST","url":"/auth/login"},"timestamp":"2025-10-28T07:27:48.995Z"}
{"level":"info","message":{"correlationId":"8d172cb3-183b-4f73-9f69-7d7852b66be9","ip":"::1","method":"POST","url":"/auth/login"},"timestamp":"2025-10-28T07:27:53.386Z"}
{"level":"info","message":{"correlationId":"c52be482-dd3b-4618-bdbc-a6a4136eced4","ip":"::1","method":"POST","url":"/auth/login"},"timestamp":"2025-10-28T07:28:51.134Z"}
{"level":"info","message":{"correlationId":"550a73bb-a62e-490f-bb5d-f596f1b140cc","ip":"::1","method":"POST","url":"/auth/login"},"timestamp":"2025-10-28T07:29:32.064Z"}
{"level":"info","message":{"correlationId":"ef8aacdb-767f-4e15-9dd1-631b13e1954c","ip":"::1","method":"POST","url":"/auth/login"},"timestamp":"2025-10-28T07:29:43.628Z"}
{"level":"info","message":{"correlationId":"b0564c8a-7c2b-4907-82a7-415da4f03d54","ip":"::1","method":"POST","url":"/auth/login"},"timestamp":"2025-10-28T07:30:10.721Z"}
{"level":"info","message":{"correlationId":"5937ab7d-3750-466b-bce5-3bc924b99d81","ip":"::1","method":"GET","url":"/auth/login"},"timestamp":"2025-10-28T07:30:13.887Z"}
{"level":"info","message":{"correlationId":"6dcda7aa-49ae-4c38-8d7e-9f045f44f5c7","ip":"::1","method":"GET","url":"/favicon.ico"},"timestamp":"2025-10-28T07:30:14.149Z"}
{"level":"info","message":{"correlationId":"c53b3415-f0c6-4ba4-94fe-9635daae698e","ip":"::1","method":"POST","url":"/auth/login"},"timestamp":"2025-10-28T07:31:26.481Z"}
{"level":"info","message":{"correlationId":"2e4c1e3e-d770-433d-a5b5-02cb0cc8de88","ip":"::1","method":"POST","url":"/auth/login"},"timestamp":"2025-10-28T07:31:27.697Z"}
{"level":"info","message":{"correlationId":"e9ea0b29-92db-466e-bc3f-6d7f2353e561","ip":"::1","method":"GET","url":"/api/users?skip=0&limit=30&sort_by=firstName&sort_order=asc"},"timestamp":"2025-10-28T07:48:24.951Z"}
{"level":"info","message":{"correlationId":"4e1ff8bd-e96a-453a-b79c-5bb185ac5b52","ip":"::1","method":"GET","url":"/api/users/departments?cb=1761637704914"},"timestamp":"2025-10-28T07:48:24.962Z"}
{"level":"info","message":{"correlationId":"9594ea3e-897e-40c3-b9ce-e672fca209a2","ip":"::1","method":"GET","url":"/api/users/departments?cb=1761637704915"},"timestamp":"2025-10-28T07:48:24.964Z"}
{"level":"info","message":{"correlationId":"b4afd922-3ab8-4564-aa0b-42a3060dda36","ip":"::1","method":"GET","url":"/api/users?skip=0&limit=30&sort_by=firstName&sort_order=asc"},"timestamp":"2025-10-28T07:48:25.149Z"}
{"level":"info","message":{"correlationId":"83ee5226-db6d-45fa-ad5b-1ca6b2761022","ip":"::1","method":"GET","url":"/api/users?skip=0&limit=30&sort_by=firstName&sort_order=asc"},"timestamp":"2025-10-28T07:48:31.678Z"}
{"level":"info","message":{"correlationId":"4f7dc82d-09a4-407c-b79e-74153b0b25ed","ip":"::1","method":"GET","url":"/api/users/departments?cb=1761637711570"},"timestamp":"2025-10-28T07:48:31.688Z"}
{"level":"info","message":{"correlationId":"fc6227d6-c9d6-4d4f-bfe2-6d7210a4fe9a","ip":"::1","method":"GET","url":"/api/users?skip=0&limit=30&sort_by=firstName&sort_order=asc"},"timestamp":"2025-10-28T07:48:31.721Z"}
{"level":"info","message":{"correlationId":"a5a0c9e6-1cea-4345-8028-bcb64aeb2d70","ip":"::1","method":"GET","url":"/api/users/departments?cb=1761637711570"},"timestamp":"2025-10-28T07:48:31.734Z"}
{"level":"info","message":{"correlationId":"91e025e2-f24f-4230-b45c-b2db6df84b17","ip":"::1","method":"GET","url":"/api/users?skip=0&limit=30&sort_by=firstName&sort_order=asc"},"timestamp":"2025-10-28T07:48:42.073Z"}
{"level":"info","message":{"correlationId":"a36acb26-33f9-402f-a99a-4a59ec3f4363","ip":"::1","method":"GET","url":"/api/users/departments?cb=1761637722034"},"timestamp":"2025-10-28T07:48:42.080Z"}
{"level":"info","message":{"correlationId":"11b98191-dd53-4b9e-9f4f-60f6e1dcc190","ip":"::1","method":"GET","url":"/api/users/departments?cb=1761637722037"},"timestamp":"2025-10-28T07:48:42.083Z"}
{"level":"info","message":{"correlationId":"16b25afd-45ba-431f-88ed-a850d86ab1fe","ip":"::1","method":"GET","url":"/api/users?skip=0&limit=30&sort_by=firstName&sort_order=asc"},"timestamp":"2025-10-28T07:48:42.118Z"}
{"level":"info","message":{"correlationId":"b5e62531-8032-4787-b3fb-1c7a5786d0df","ip":"::1","method":"GET","url":"/api/users?skip=0&limit=30&sort_by=firstName&sort_order=asc&department=Design"},"timestamp":"2025-10-28T07:48:47.619Z"}
{"level":"info","message":{"correlationId":"1425e097-e4c0-409e-b4b4-4076a4cfb151","ip":"::1","method":"GET","url":"/api/users?skip=0&limit=30&sort_by=firstName&sort_order=asc&department=Finance"},"timestamp":"2025-10-28T07:48:54.964Z"}
{"level":"info","message":{"correlationId":"1fa512bc-7045-4222-9cca-09a9589a5a64","ip":"::1","method":"GET","url":"/api/users?skip=0&limit=30&sort_by=firstName&sort_order=asc"},"timestamp":"2025-10-28T07:48:57.298Z"}
{"level":"info","message":{"correlationId":"bb5714b6-23e5-4c31-a986-b2a028db15d0","ip":"::1","method":"GET","url":"/api/users?skip=0&limit=30&sort_by=firstName&sort_order=asc&gender=male"},"timestamp":"2025-10-28T07:49:02.411Z"}
{"level":"info","message":{"correlationId":"3ce884af-83d4-4560-bed8-a726bc9eecb6","ip":"::1","method":"POST","url":"/auth/login"},"timestamp":"2025-10-28T07:49:37.543Z"}
{"level":"info","message":{"correlationId":"7f3546a8-6656-4bc2-90c1-b08b7ed21b82","ip":"::1","method":"GET","url":"/api/users/departments?cb=1761637778174"},"timestamp":"2025-10-28T07:49:38.185Z"}
{"level":"info","message":{"correlationId":"e9b8ba1a-abfc-4b49-b825-f850cc5e41ad","ip":"::1","method":"GET","url":"/api/users?skip=0&limit=30&sort_by=firstName&sort_order=asc"},"timestamp":"2025-10-28T07:49:38.187Z"}
{"level":"info","message":{"correlationId":"cc2896e1-3bf8-4e8b-be43-e9985d1c9597","ip":"::1","method":"GET","url":"/api/users/departments?cb=1761637778176"},"timestamp":"2025-10-28T07:49:38.195Z"}
{"level":"info","message":{"correlationId":"28b1205c-f76a-4ff2-ab7b-ba07a99dbc46","ip":"::1","method":"GET","url":"/api/users?skip=0&limit=30&sort_by=firstName&sort_order=asc"},"timestamp":"2025-10-28T07:49:38.342Z"}
{"level":"info","message":{"correlationId":"5fdc36f0-5dda-488a-b769-12df18322c53","ip":"::1","method":"GET","url":"/api/users/departments?cb=1761637807356"},"timestamp":"2025-10-28T07:50:07.426Z"}
{"level":"info","message":{"correlationId":"78a15dae-37c2-4bed-9892-e7b4561528c4","ip":"::1","method":"GET","url":"/api/users/departments?cb=1761637807355"},"timestamp":"2025-10-28T07:50:07.435Z"}
{"level":"info","message":{"correlationId":"635a3406-cb15-42e0-ad67-9662cb8cc32e","ip":"::1","method":"GET","url":"/api/users?skip=0&limit=30&sort_by=firstName&sort_order=asc"},"timestamp":"2025-10-28T07:50:07.436Z"}
{"level":"info","message":{"correlationId":"4fb697ee-034f-4925-8f07-b64f56b92059","ip":"::1","method":"GET","url":"/api/users?skip=0&limit=30&sort_by=firstName&sort_order=asc"},"timestamp":"2025-10-28T07:50:25.799Z"}
{"level":"info","message":{"correlationId":"3ab4425f-f9a3-4493-bab8-898d4c57bf9f","ip":"::1","method":"GET","url":"/api/users/departments?cb=1761637825790"},"timestamp":"2025-10-28T07:50:25.800Z"}
{"level":"info","message":{"correlationId":"ac92ed39-3377-4653-be79-8b1fa2c141df","ip":"::1","method":"GET","url":"/api/users/departments?cb=1761637825791"},"timestamp":"2025-10-28T07:50:25.801Z"}
{"level":"info","message":{"correlationId":"2db1fca8-ff1c-4daf-a7e8-2f84d02c8240","ip":"::1","method":"GET","url":"/api/users?skip=0&limit=30&sort_by=firstName&sort_order=asc"},"timestamp":"2025-10-28T07:50:35.871Z"}
{"level":"info","message":{"correlationId":"94eadbe9-b18f-4ee3-acf3-5884272904cd","ip":"::1","method":"GET","url":"/api/users/departments?cb=1761637835860"},"timestamp":"2025-10-28T07:50:35.873Z"}
{"level":"info","message":{"correlationId":"12cd990d-3158-48bc-9ae9-bd019e08d3a7","ip":"::1","method":"POST","url":"/auth/login"},"timestamp":"2025-10-28T07:50:39.630Z"}
{"level":"info","message":{"correlationId":"08025ceb-7727-4336-8494-ee2a015d80f8","ip":"::1","method":"POST","url":"/auth/login"},"timestamp":"2025-10-28T07:51:23.743Z"}
{"level":"info","message":{"correlationId":"b96e8433-e77f-4a68-9f22-922b005fb15b","ip":"::1","method":"POST","url":"/auth/login"},"timestamp":"2025-10-28T07:51:40.195Z"}
{"level":"info","message":{"correlationId":"6df1ff56-3b1c-4e01-95bc-a7a3d0b04d2e","ip":"::1","method":"GET","url":"/api/users?skip=0&limit=30&sort_by=firstName&sort_order=asc"},"timestamp":"2025-10-28T07:52:51.018Z"}
{"level":"info","message":{"correlationId":"edbd5a2c-478e-4173-ac84-d3eae34cd289","ip":"::1","method":"GET","url":"/api/users/departments?cb=1761637971000"},"timestamp":"2025-10-28T07:52:51.020Z"}
{"level":"info","message":{"correlationId":"cbecb988-ba89-4f20-874f-34ddd40b1ef5","ip":"::1","method":"GET","url":"/api/users/departments?cb=1761637971008"},"timestamp":"2025-10-28T07:52:51.022Z"}
{"level":"info","message":{"correlationId":"0721038a-e024-4db1-b12a-3a3a7dfa5257","ip":"::1","method":"POST","url":"/auth/login"},"timestamp":"2025-10-28T07:53:06.197Z"}
{"level":"info","message":{"correlationId":"a6e4feaa-0c36-47b8-a9ea-95a1a21a5365","ip":"::1","method":"POST","url":"/auth/login"},"timestamp":"2025-10-28T07:58:38.888Z"}
{"level":"info","message":{"correlationId":"e2ed1898-9b5d-4b91-a2ea-98f44dcf2caa","ip":"::1","method":"POST","url":"/auth/login"},"timestamp":"2025-10-28T08:03:34.430Z"}
{"level":"info","message":{"correlationId":"a9517a00-b589-446f-bb98-9483c82c4995","ip":"::1","method":"POST","url":"/auth/login"},"timestamp":"2025-10-28T08:04:26.724Z"}
{"level":"info","message":{"correlationId":"d9db2857-5c92-483a-9b97-866247fa862e","ip":"::1","method":"POST","url":"/auth/login"},"timestamp":"2025-10-28T08:04:39.525Z"}
{"level":"info","message":{"correlationId":"7df2a565-7b08-4fc5-81c4-21ede0553804","ip":"::1","method":"POST","url":"/auth/login"},"timestamp":"2025-10-28T08:08:34.294Z"}
{"level":"info","message":{"correlationId":"29e4219a-2a3c-4e49-aae3-3efa2f7ebcf5","ip":"::1","method":"POST","url":"/auth/login"},"timestamp":"2025-10-28T08:08:58.855Z"}
{"level":"info","message":{"correlationId":"01ff859b-8023-4c48-ba2b-512a3c1ec0a9","ip":"::1","method":"POST","url":"/auth/register"},"timestamp":"2025-10-28T08:09:13.396Z"}
{"level":"info","message":{"correlationId":"cf16d525-ab79-4304-aa8d-b8392e6990f0","ip":"::1","method":"POST","url":"/auth/register"},"timestamp":"2025-10-28T08:09:22.671Z"}
{"level":"info","message":{"correlationId":"6a30f25a-c79a-4860-bc0b-628017183dbc","ip":"::1","method":"POST","url":"/auth/register"},"timestamp":"2025-10-28T08:10:36.125Z"}
{"level":"info","message":{"correlationId":"a340847c-6552-4261-9af4-e6349845af92","ip":"::1","method":"POST","url":"/auth/login"},"timestamp":"2025-10-28T08:10:55.457Z"}
{"level":"info","message":{"correlationId":"4717e235-716d-40cb-b1ac-d8615db60cb1","ip":"::1","method":"POST","url":"/auth/login"},"timestamp":"2025-10-28T08:13:50.297Z"}
{"level":"info","message":{"correlationId":"9e673032-2306-4a43-9a69-259346e56dc5","ip":"::1","method":"POST","url":"/auth/login"},"timestamp":"2025-10-28T08:14:09.032Z"}
{"level":"info","message":{"correlationId":"2f59fb6f-94a3-4951-95f1-800d98f74eec","ip":"::1","method":"POST","url":"/auth/login"},"timestamp":"2025-10-28T08:15:12.659Z"}
{"level":"info","message":{"correlationId":"5e7344b1-273b-42a5-94ec-b1852c8dabc1","ip":"::1","method":"POST","url":"/auth/login"},"timestamp":"2025-10-28T08:17:07.435Z"}
{"level":"info","message":{"correlationId":"e91bca28-132c-4352-8f85-32825b9513f5","ip":"::1","method":"POST","url":"/auth/login"},"timestamp":"2025-10-28T08:20:02.729Z"}
{"level":"info","message":{"correlationId":"bfc7c68a-23c6-4b04-9282-03b1f92b7254","ip":"::1","method":"POST","url":"/auth/login"},"timestamp":"2025-10-28T08:20:29.618Z"}
{"level":"info","message":{"correlationId":"0f70c4c5-8aca-4f05-9cdc-319ff8aeba2c","ip":"::1","method":"POST","url":"/auth/login"},"timestamp":"2025-10-28T08:20:57.854Z"}
{"level":"info","message":{"correlationId":"9ff32d90-7268-4408-b06a-f2b952d844bb","ip":"::1","method":"POST","url":"/auth/login"},"timestamp":"2025-10-28T08:28:15.986Z"}
{"level":"info","message":{"correlationId":"2bdc865c-eeef-4243-86d8-0edc6283f84b","ip":"::1","method":"POST","url":"/auth/login"},"timestamp":"2025-10-28T08:28:17.311Z"}
{"level":"info","message":{"correlationId":"7ba500ee-ac4c-4d55-92d1-d8fb12dcf783","ip":"::1","method":"GET","url":"/api/users?skip=0&limit=30&sort_by=firstName&sort_order=asc"},"timestamp":"2025-10-28T09:00:11.984Z"}
{"level":"info","message":{"correlationId":"72f368ca-93f1-47ad-8965-81325686303b","ip":"::1","method":"GET","url":"/api/users/departments?cb=1761642011952"},"timestamp":"2025-10-28T09:00:11.988Z"}
{"level":"info","message":{"correlationId":"f40cb097-1f0e-4938-8c23-3c6ffcb62d5e","ip":"::1","method":"GET","url":"/api/users/departments?cb=1761642011955"},"timestamp":"2025-10-28T09:00:11.988Z"}
{"level":"info","message":{"correlationId":"a537bf65-1b61-4bcd-a519-e351dd3d0a83","ip":"::1","method":"POST","url":"/auth/login"},"timestamp":"2025-10-28T09:00:31.512Z"}
{"level":"info","message":{"correlationId":"9697a3eb-c44a-44a5-8404-4e8fa4841fb1","ip":"::1","method":"POST","url":"/auth/login"},"timestamp":"2025-10-28T09:00:56.849Z"}
{"level":"info","message":{"correlationId":"12732ed4-fdec-464b-ad73-7217ff503950","ip":"::1","method":"POST","url":"/auth/login"},"timestamp":"2025-10-28T09:01:04.136Z"}
{"level":"info","message":{"correlationId":"f22f3f02-18f0-497c-a375-f3f8cd66fb37","ip":"::1","method":"POST","url":"/auth/login"},"timestamp":"2025-10-28T09:07:37.022Z"}
{"level":"info","message":{"correlationId":"6141a94d-cdc5-4675-8c71-9c26731d56d6","ip":"::1","method":"POST","url":"/auth/login"},"timestamp":"2025-10-28T09:11:16.430Z"}
{"level":"info","message":{"correlationId":"1f295869-c1ec-4f79-bc63-201ac98b0fdc","ip":"::1","method":"POST","url":"/auth/login"},"timestamp":"2025-10-28T09:12:22.413Z"}
{"level":"info","message":{"correlationId":"11c78608-6b96-4ceb-84b6-a9fcaa31461f","ip":"::1","method":"POST","url":"/auth/login"},"timestamp":"2025-10-28T09:13:13.006Z"}
{"level":"info","message":{"correlationId":"bfdc0f9b-48ad-41dd-9beb-e45a2c799cb5","ip":"::1","method":"POST","url":"/auth/login"},"timestamp":"2025-10-28T09:16:53.106Z"}
{"level":"info","message":{"correlationId":"d43d5e20-c46a-4931-9e1a-67b5c85a6acc","ip":"::1","method":"POST","url":"/auth/register"},"timestamp":"2025-10-28T09:18:43.131Z"}
{"level":"info","message":{"correlationId":"3d1e2c68-f684-41d1-9344-87222c79bc4c","ip":"::1","method":"POST","url":"/auth/register"},"timestamp":"2025-10-28T09:19:43.754Z"}
{"level":"info","message":{"correlationId":"00906e67-e496-4a01-a078-899aa0412fd5","ip":"::1","method":"POST","url":"/auth/register"},"timestamp":"2025-10-28T09:19:54.542Z"}
{"level":"info","message":{"correlationId":"013c0c45-68f6-4b41-8027-94746a31c27c","ip":"::1","method":"POST","url":"/auth/register"},"timestamp":"2025-10-28T09:20:27.523Z"}
{"level":"info","message":{"correlationId":"b3721d21-63f9-4b2a-b30f-e59ae049ca96","ip":"::1","method":"POST","url":"/auth/register"},"timestamp":"2025-10-28T09:20:31.938Z"}
{"level":"info","message":{"correlationId":"9c09c644-7c67-446a-b021-57c13ae99736","ip":"::1","method":"POST","url":"/auth/login"},"timestamp":"2025-10-28T09:28:08.942Z"}
{"level":"info","message":{"correlationId":"d95caa7c-4300-47ba-8c8f-66e32e8849e6","ip":"::1","method":"POST","url":"/auth/register"},"timestamp":"2025-10-28T09:28:16.667Z"}
{"level":"info","message":{"correlationId":"ca1d62a4-8acb-4d58-a18d-8887cf18ab2c","ip":"::1","method":"POST","url":"/auth/login"},"timestamp":"2025-10-28T09:31:45.763Z"}
{"level":"info","message":{"correlationId":"8477ab57-f48e-4c92-afce-2454dfe229dd","ip":"::1","method":"POST","url":"/auth/login"},"timestamp":"2025-10-28T09:34:08.429Z"}
{"level":"info","message":{"correlationId":"bb7ac387-da20-421e-8a7c-eb6bd89321c6","ip":"::1","method":"POST","url":"/auth/login"},"timestamp":"2025-10-28T09:36:23.171Z"}
{"level":"info","message":{"correlationId":"bc4433ec-b4ac-4ff6-84cb-a4efd2cb21c8","ip":"::1","method":"POST","url":"/auth/login"},"timestamp":"2025-10-28T09:36:24.378Z"}
{"level":"info","message":{"correlationId":"fba506d9-5173-4385-af1e-888cba78b440","ip":"::1","method":"POST","url":"/auth/login"},"timestamp":"2025-10-28T09:36:26.286Z"}
{"level":"info","message":{"correlationId":"c0ba8133-8e3c-4253-ad1d-bba724ee792f","ip":"::1","method":"POST","url":"/auth/register"},"timestamp":"2025-10-28T09:36:48.716Z"}
{"level":"info","message":{"correlationId":"a9b377bf-c94e-41dd-a68a-8ee2c99c5dbf","ip":"::1","method":"POST","url":"/auth/register"},"timestamp":"2025-10-28T09:37:13.582Z"}
{"level":"info","message":{"correlationId":"c92ace84-5952-4448-9290-d05ed58e1331","ip":"::1","method":"POST","url":"/auth/register"},"timestamp":"2025-10-28T09:37:23.805Z"}
{"level":"info","message":{"correlationId":"057bd0e2-e828-4f63-a215-b8c1c701ea2e","ip":"::1","method":"POST","url":"/auth/register"},"timestamp":"2025-10-28T09:37:31.507Z"}
{"level":"info","message":{"correlationId":"6f648dd8-cfea-40c8-93db-7ff3250760a0","ip":"::1","method":"POST","url":"/auth/login"},"timestamp":"2025-10-28T09:40:06.355Z"}
{"level":"info","message":{"correlationId":"b29ce170-9638-4dad-95e4-b2122f702da6","ip":"::1","method":"POST","url":"/auth/login"},"timestamp":"2025-10-28T09:40:17.089Z"}
{"level":"info","message":{"correlationId":"e3c44a5f-a7e3-400a-b841-b4e6f604bccc","ip":"::1","method":"POST","url":"/auth/register"},"timestamp":"2025-10-28T09:40:36.883Z"}
{"level":"info","message":{"correlationId":"1e278088-6a8e-47c1-b490-fc4923110973","ip":"::1","method":"POST","url":"/auth/login"},"timestamp":"2025-10-28T09:41:50.458Z"}
{"level":"info","message":{"correlationId":"ce7e5f75-92af-49ae-b6a1-8de78be9f56a","ip":"::1","method":"GET","url":"/api/users?skip=0&limit=30&sort_by=firstName&sort_order=asc"},"timestamp":"2025-10-28T09:41:50.970Z"}
{"level":"info","message":{"correlationId":"fb953fe6-0c80-4083-aeaf-34332457b898","ip":"::1","method":"GET","url":"/api/users/departments?cb=1761644510963"},"timestamp":"2025-10-28T09:41:50.982Z"}
{"level":"info","message":{"correlationId":"5ee468c7-904d-48e4-abb2-34744e297f7e","ip":"::1","method":"GET","url":"/api/users?skip=0&limit=30&sort_by=firstName&sort_order=asc"},"timestamp":"2025-10-28T09:41:50.986Z"}
{"level":"info","message":{"correlationId":"e3fbfbd4-9956-40a3-9a30-0bc1b5b9aaa9","ip":"::1","method":"GET","url":"/api/users/departments?cb=1761644510965"},"timestamp":"2025-10-28T09:41:50.988Z"}
{"level":"info","message":{"correlationId":"489da4d7-1b24-4b49-8d70-6ba4e6a98d08","ip":"::1","method":"POST","url":"/auth/login"},"timestamp":"2025-10-28T09:41:52.916Z"}
{"level":"info","message":{"correlationId":"9ca61c97-a5af-45a6-b46d-b0c90d91c073","ip":"::1","method":"GET","url":"/api/users?skip=0&limit=30&sort_by=firstName&sort_order=asc"},"timestamp":"2025-10-28T09:41:53.276Z"}
{"level":"info","message":{"correlationId":"d2547bbe-6d9d-4543-93e5-d7afe85c53c4","ip":"::1","method":"GET","url":"/api/users/departments?cb=1761644513265"},"timestamp":"2025-10-28T09:41:53.278Z"}
{"level":"info","message":{"correlationId":"b1cf2dfe-de6c-4e78-b6ff-a51b654eb947","ip":"::1","method":"GET","url":"/api/users/departments?cb=1761644513267"},"timestamp":"2025-10-28T09:41:53.280Z"}
{"level":"info","message":{"correlationId":"45d8d592-a7ec-42f7-a1fa-683ef7daa277","ip":"::1","method":"GET","url":"/api/users?skip=0&limit=30&sort_by=firstName&sort_order=asc"},"timestamp":"2025-10-28T09:41:53.283Z"}
{"level":"info","message":{"correlationId":"cdc3c2da-da4b-4fb1-853a-e10fd6d87610","ip":"::1","method":"POST","url":"/auth/login"},"timestamp":"2025-10-28T09:41:57.227Z"}
{"level":"info","message":{"correlationId":"4708535e-f7f9-49f4-9705-340247669307","ip":"::1","method":"GET","url":"/api/users?skip=0&limit=30&sort_by=firstName&sort_order=asc"},"timestamp":"2025-10-28T09:41:57.580Z"}
{"level":"info","message":{"correlationId":"a54c54b9-5312-4df5-90fe-8e747626bd40","ip":"::1","method":"GET","url":"/api/users/departments?cb=1761644517580"},"timestamp":"2025-10-28T09:41:57.596Z"}
{"level":"info","message":{"correlationId":"8a896a16-b87c-420a-a4c3-6bb10df64fde","ip":"::1","method":"GET","url":"/api/users?skip=0&limit=30&sort_by=firstName&sort_order=asc"},"timestamp":"2025-10-28T09:41:57.601Z"}
{"level":"info","message":{"correlationId":"764b9a1d-2284-4b69-aed8-f389f2b00680","ip":"::1","method":"GET","url":"/api/users/departments?cb=1761644517582"},"timestamp":"2025-10-28T09:41:57.604Z"}
{"level":"info","message":{"correlationId":"6f892821-7523-4a6c-8270-eb22a1244a2d","ip":"::1","method":"POST","url":"/auth/login"},"timestamp":"2025-10-28T09:42:07.266Z"}
{"level":"info","message":{"correlationId":"a61522ae-1379-47bd-a7b4-2810e370d4d6","ip":"::1","method":"GET","url":"/api/users?skip=0&limit=30&sort_by=firstName&sort_order=asc"},"timestamp":"2025-10-28T09:42:07.623Z"}
{"level":"info","message":{"correlationId":"4f6546e1-afbd-4e58-b037-e819deb4640f","ip":"::1","method":"GET","url":"/api/users/departments?cb=1761644527606"},"timestamp":"2025-10-28T09:42:07.628Z"}
{"level":"info","message":{"correlationId":"4970a329-75a5-4383-82de-bef9ba3033e6","ip":"::1","method":"GET","url":"/api/users?skip=0&limit=30&sort_by=firstName&sort_order=asc"},"timestamp":"2025-10-28T09:42:07.636Z"}
{"level":"info","message":{"correlationId":"2850df54-f722-45b6-8954-c4ad50fdbbb8","ip":"::1","method":"GET","url":"/api/users/departments?cb=1761644527608"},"timestamp":"2025-10-28T09:42:07.638Z"}
{"level":"info","message":{"correlationId":"d61583ee-f81c-4b59-ab6a-71766613cd92","ip":"::1","method":"POST","url":"/auth/login"},"timestamp":"2025-10-28T09:42:09.327Z"}
{"level":"info","message":{"correlationId":"912175e2-50ce-4403-866a-fc28590d927f","ip":"::1","method":"GET","url":"/api/users?skip=0&limit=30&sort_by=firstName&sort_order=asc"},"timestamp":"2025-10-28T09:42:09.695Z"}
{"level":"info","message":{"correlationId":"b933e787-cb16-49d2-8202-d636ffdfcb14","ip":"::1","method":"GET","url":"/api/users/departments?cb=1761644529685"},"timestamp":"2025-10-28T09:42:09.702Z"}
{"level":"info","message":{"correlationId":"783f525e-eca5-4963-bde8-99b135173dc1","ip":"::1","method":"GET","url":"/api/users?skip=0&limit=30&sort_by=firstName&sort_order=asc"},"timestamp":"2025-10-28T09:42:09.704Z"}
{"level":"info","message":{"correlationId":"5f3b5f99-0d6c-44eb-beb7-c889498cdaed","ip":"::1","method":"GET","url":"/api/users/departments?cb=1761644529686"},"timestamp":"2025-10-28T09:42:09.708Z"}
{"level":"info","message":{"correlationId":"02edc443-7049-42ee-bb98-2b091947d3b8","ip":"::1","method":"POST","url":"/auth/login"},"timestamp":"2025-10-28T09:42:16.701Z"}
{"level":"info","message":{"correlationId":"87cb9ad7-2f7c-481a-a62b-0ab007b76e1e","ip":"::1","method":"POST","url":"/auth/login"},"timestamp":"2025-10-28T09:42:17.879Z"}
{"level":"info","message":{"correlationId":"c85aa7da-526d-47fb-9bc5-f15ec19d55e5","ip":"::1","method":"POST","url":"/auth/login"},"timestamp":"2025-10-28T09:42:22.014Z"}
{"level":"info","message":{"correlationId":"412c5c6f-7619-4ec3-81a6-292b4c5d2a93","ip":"::1","method":"GET","url":"/api/users?skip=0&limit=30&sort_by=firstName&sort_order=asc"},"timestamp":"2025-10-28T09:42:22.366Z"}
{"level":"info","message":{"correlationId":"cc0a60fc-e466-4cd7-a45f-171d2b17d1bd","ip":"::1","method":"GET","url":"/api/users/departments?cb=1761644542350"},"timestamp":"2025-10-28T09:42:22.368Z"}
{"level":"info","message":{"correlationId":"480869fb-549a-4c7e-9ad5-8bc131649d09","ip":"::1","method":"GET","url":"/api/users?skip=0&limit=30&sort_by=firstName&sort_order=asc"},"timestamp":"2025-10-28T09:42:22.374Z"}
{"level":"info","message":{"correlationId":"3beb7190-6155-4258-82dc-0026ebb43808","ip":"::1","method":"GET","url":"/api/users/departments?cb=1761644542352"},"timestamp":"2025-10-28T09:42:22.377Z"}
{"level":"info","message":{"correlationId":"3cb3bd72-1231-427a-a1a6-2d43f84ed776","ip":"::1","method":"POST","url":"/auth/login"},"timestamp":"2025-10-28T09:44:06.095Z"}
{"level":"info","message":{"correlationId":"ac853041-934f-4d0c-9739-277fbe3cb8ff","ip":"::1","method":"GET","url":"/api/users?skip=0&limit=30&sort_by=firstName&sort_order=asc"},"timestamp":"2025-10-28T09:44:06.486Z"}
{"level":"info","message":{"correlationId":"dfcea559-d83e-4789-9955-ab905096bc35","ip":"::1","method":"GET","url":"/api/users/departments?cb=1761644646459"},"timestamp":"2025-10-28T09:44:06.491Z"}
{"level":"info","message":{"correlationId":"5a6cc719-9307-4dca-8997-fdb400f8cf69","ip":"::1","method":"GET","url":"/api/users/departments?cb=1761644646461"},"timestamp":"2025-10-28T09:44:06.500Z"}
{"level":"info","message":{"correlationId":"18f3b19c-c076-4b3d-87e2-28857529ac98","ip":"::1","method":"GET","url":"/api/users?skip=0&limit=30&sort_by=firstName&sort_order=asc"},"timestamp":"2025-10-28T09:44:06.557Z"}
{"level":"info","message":{"correlationId":"b877b99f-b8f0-4253-a00f-70e082baf32a","ip":"::1","method":"POST","url":"/api/users/"},"timestamp":"2025-10-28T09:44:37.635Z"}
{"level":"info","message":{"correlationId":"2e60dac9-343f-4933-9449-95e763181703","ip":"::1","method":"GET","url":"/api/users/departments?cb=1761644677671"},"timestamp":"2025-10-28T09:44:37.675Z"}
{"level":"info","message":{"correlationId":"bde20da7-1e7f-466b-a0fc-570e035ff21a","ip":"::1","method":"POST","url":"/auth/login"},"timestamp":"2025-10-28T09:55:58.432Z"}
{"level":"info","message":{"correlationId":"81ad711d-c62f-455d-99a3-0a89fd63f679","ip":"::1","method":"GET","url":"/api/users?skip=0&limit=30&sort_by=firstName&sort_order=asc"},"timestamp":"2025-10-28T09:55:58.759Z"}
{"level":"info","message":{"correlationId":"44c931ac-aba3-4f5e-a41f-4c6056d571b1","ip":"::1","method":"GET","url":"/api/users/departments?cb=1761645358751"},"timestamp":"2025-10-28T09:55:58.763Z"}
{"level":"info","message":{"correlationId":"5fe15a32-7b1e-4c38-a413-558f8de0a0b7","ip":"::1","method":"GET","url":"/api/users/departments?cb=1761645358752"},"timestamp":"2025-10-28T09:55:58.765Z"}
{"level":"info","message":{"correlationId":"ca3da115-e0ec-4c0c-803c-fbcf897789de","ip":"::1","method":"GET","url":"/api/users?skip=0&limit=30&sort_by=firstName&sort_order=asc"},"timestamp":"2025-10-28T09:55:58.768Z"}
{"level":"info","message":{"correlationId":"e360cabb-a71f-4ef5-aedf-fb16da32cf08","ip":"::1","method":"POST","url":"/auth/login"},"timestamp":"2025-10-28T09:56:00.022Z"}
{"level":"info","message":{"correlationId":"a9d2b6d2-6911-4322-b6b3-15600d4b0062","ip":"::1","method":"GET","url":"/api/users/departments?cb=1761645360191"},"timestamp":"2025-10-28T09:56:00.196Z"}
{"level":"info","message":{"correlationId":"3aa771a5-a453-48a6-84ae-4efef150308a","ip":"::1","method":"GET","url":"/api/users?skip=0&limit=30&sort_by=firstName&sort_order=asc"},"timestamp":"2025-10-28T09:56:00.198Z"}
{"level":"info","message":{"correlationId":"43b73fd6-49ff-444d-8a51-375c3fd25c95","ip":"::1","method":"GET","url":"/api/users/departments?cb=1761645360192"},"timestamp":"2025-10-28T09:56:00.201Z"}
{"level":"info","message":{"correlationId":"e9131fed-f61b-4623-8780-41ecc93a301d","ip":"::1","method":"GET","url":"/api/users?skip=0&limit=30&sort_by=firstName&sort_order=asc"},"timestamp":"2025-10-28T09:56:00.203Z"}
{"level":"info","message":{"correlationId":"b6762933-6d95-49d4-a857-add29c26a486","ip":"::1","method":"POST","url":"/auth/login"},"timestamp":"2025-10-28T09:56:16.405Z"}
{"level":"info","message":{"correlationId":"55b94c19-51c5-4bef-9bf0-2d9b75aa3b31","ip":"::1","method":"GET","url":"/api/users?skip=0&limit=30&sort_by=firstName&sort_order=asc"},"timestamp":"2025-10-28T09:56:16.598Z"}
{"level":"info","message":{"correlationId":"2f2818c2-2037-4f7c-aaef-af9856ed98b5","ip":"::1","method":"GET","url":"/api/users/departments?cb=1761645376586"},"timestamp":"2025-10-28T09:56:16.601Z"}
{"level":"info","message":{"correlationId":"c4fa84db-effb-46c8-92d8-85b30bc6c82d","ip":"::1","method":"GET","url":"/api/users/departments?cb=1761645376587"},"timestamp":"2025-10-28T09:56:16.604Z"}
{"level":"info","message":{"correlationId":"dda1fb1e-5879-42d5-9e9b-0e81f9e563ea","ip":"::1","method":"GET","url":"/api/users?skip=0&limit=30&sort_by=firstName&sort_order=asc"},"timestamp":"2025-10-28T09:56:16.606Z"}
{"level":"info","message":{"correlationId":"56f7678b-c6f3-487e-9563-8f81ff31168f","ip":"::1","method":"POST","url":"/auth/login"},"timestamp":"2025-10-28T09:56:37.537Z"}
{"level":"info","message":{"correlationId":"f189838a-5719-450a-8e5f-ed25f24af254","ip":"::1","method":"GET","url":"/api/users/departments?cb=1761645397894"},"timestamp":"2025-10-28T09:56:37.908Z"}
{"level":"info","message":{"correlationId":"e81dff0d-cf79-428a-b77b-bfe08a8b663b","ip":"::1","method":"GET","url":"/api/users?skip=0&limit=30&sort_by=firstName&sort_order=asc"},"timestamp":"2025-10-28T09:56:37.910Z"}
{"level":"info","message":{"correlationId":"fd8c40b5-7a1b-4fa5-9f9b-1bf60d114cb6","ip":"::1","method":"GET","url":"/api/users?skip=0&limit=30&sort_by=firstName&sort_order=asc"},"timestamp":"2025-10-28T09:56:37.919Z"}
{"level":"info","message":{"correlationId":"6b8b023a-2b91-4831-8f3f-c895e2bb6d52","ip":"::1","method":"GET","url":"/api/users/departments?cb=1761645397896"},"timestamp":"2025-10-28T09:56:37.921Z"}
{"level":"info","message":{"correlationId":"c9e1b9bf-ff80-478d-8182-c3c1b0836348","ip":"::1","method":"POST","url":"/auth/login"},"timestamp":"2025-10-28T09:57:38.270Z"}
{"level":"info","message":{"correlationId":"fe4ddb60-21de-4fab-804e-60476829a44e","ip":"::1","method":"GET","url":"/api/users?skip=0&limit=30&sort_by=firstName&sort_order=asc"},"timestamp":"2025-10-28T09:57:38.692Z"}
{"level":"info","message":{"correlationId":"4a3b7d8d-1b21-4a3f-af94-0833c943e281","ip":"::1","method":"GET","url":"/api/users/departments?cb=1761645458685"},"timestamp":"2025-10-28T09:57:38.698Z"}
{"level":"info","message":{"correlationId":"fa4620db-84c8-4b74-a8d2-da883ce9e37e","ip":"::1","method":"GET","url":"/api/users?skip=0&limit=30&sort_by=firstName&sort_order=asc"},"timestamp":"2025-10-28T09:57:38.701Z"}
{"level":"info","message":{"correlationId":"9fc9ace0-8669-45bf-bb87-9e246719c629","ip":"::1","method":"GET","url":"/api/users/departments?cb=1761645458687"},"timestamp":"2025-10-28T09:57:38.703Z"}
{"level":"info","message":{"correlationId":"268714c3-6ae1-4d8d-9984-a6a18196f584","ip":"::1","method":"POST","url":"/auth/login"},"timestamp":"2025-10-28T09:58:06.229Z"}
{"level":"info","message":{"correlationId":"9cab98ab-1d56-471b-a47f-6cfe9ab07875","ip":"::1","method":"GET","url":"/api/users?skip=0&limit=30&sort_by=firstName&sort_order=asc"},"timestamp":"2025-10-28T09:58:06.624Z"}
{"level":"info","message":{"correlationId":"ce906f84-0847-43e6-b21d-70be2016a7cf","ip":"::1","method":"GET","url":"/api/users/departments?cb=1761645486613"},"timestamp":"2025-10-28T09:58:06.630Z"}
{"level":"info","message":{"correlationId":"7bb1fb03-7179-435d-9d45-b3046c4f3907","ip":"::1","method":"GET","url":"/api/users/departments?cb=1761645486615"},"timestamp":"2025-10-28T09:58:06.634Z"}
{"level":"info","message":{"correlationId":"adbab1f9-900c-4a75-835b-84372ea4703f","ip":"::1","method":"GET","url":"/api/users?skip=0&limit=30&sort_by=firstName&sort_order=asc"},"timestamp":"2025-10-28T09:58:06.703Z"}
{"level":"info","message":{"correlationId":"ebe6b8b6-ab7e-455c-8441-e48c971fc1d6","ip":"::1","method":"POST","url":"/auth/login"},"timestamp":"2025-10-28T11:22:47.755Z"}
{"level":"info","message":{"correlationId":"c591fafc-aef6-406b-bb3f-757fad46c4bf","ip":"::1","method":"GET","url":"/api/users/departments?cb=1761650568291"},"timestamp":"2025-10-28T11:22:48.305Z"}
{"level":"info","message":{"correlationId":"3ab0dd1e-9b95-47e9-92db-5a8dd63c671d","ip":"::1","method":"GET","url":"/api/users?skip=0&limit=30&sort_by=firstName&sort_order=asc"},"timestamp":"2025-10-28T11:22:48.321Z"}
{"level":"info","message":{"correlationId":"eee736ca-0054-4033-94cc-1e4782c50ad8","ip":"::1","method":"GET","url":"/api/users/departments?cb=1761650568293"},"timestamp":"2025-10-28T11:22:48.328Z"}
{"level":"info","message":{"correlationId":"bccb889a-091b-4625-ae8c-579ef222fd06","ip":"::1","method":"GET","url":"/api/users?skip=0&limit=30&sort_by=firstName&sort_order=asc"},"timestamp":"2025-10-28T11:22:48.396Z"}
{"level":"info","message":{"correlationId":"0456991e-c836-4a5e-bea2-669b90be9943","ip":"::1","method":"GET","url":"/api/users?skip=30&limit=30&sort_by=firstName&sort_order=asc"},"timestamp":"2025-10-28T11:22:52.833Z"}
{"level":"info","message":{"correlationId":"cfae1a6d-c45b-4aaa-b8fd-b075c614f0cc","ip":"::1","method":"GET","url":"/api/users?skip=60&limit=30&sort_by=firstName&sort_order=asc"},"timestamp":"2025-10-28T11:22:54.742Z"}
{"level":"info","message":{"correlationId":"a5883363-4aed-4f8b-85ea-c59b3e36e3dd","ip":"::1","method":"GET","url":"/api/users?skip=60&limit=30&sort_by=firstName&sort_order=asc&search=n"},"timestamp":"2025-10-28T11:23:00.374Z"}
{"level":"info","message":{"correlationId":"5c26f05b-a0a7-48ec-be51-1ff8dcd1e79c","ip":"::1","method":"GET","url":"/api/users?skip=0&limit=30&sort_by=firstName&sort_order=asc&search=n"},"timestamp":"2025-10-28T11:23:00.388Z"}
{"level":"info","message":{"correlationId":"70032131-e853-4ea2-88a6-d2438e9e5fd9","ip":"::1","method":"GET","url":"/api/users?skip=0&limit=30&sort_by=firstName&sort_order=asc&search=no"},"timestamp":"2025-10-28T11:23:00.454Z"}
{"level":"info","message":{"correlationId":"72a9c568-8eb0-4b51-b280-c023cf30136b","ip":"::1","method":"GET","url":"/api/users?skip=0&limit=30&sort_by=firstName&sort_order=asc&search=nod"},"timestamp":"2025-10-28T11:23:00.554Z"}
